measure_start,beat_start,measure_end,beat_end,motive,instruments
1,1.0,1,1.25,M1,Drum Set
1,1.5,1,1.75,M1,Drum Set
1,2.0,1,2.25,M1,Drum Set
1,2.5,1,2.75,M1,Drum Set
1,3.0,1,3.25,M1,Drum Set
1,3.5,1,3.75,M1,Drum Set
1,4.0,1,4.25,M1,Drum Set
1,4.5,1,4.75,M1,Drum Set
2,1.0,2,1.25,M1,Drum Set
2,1.5,2,1.75,M1,Drum Set
2,2.0,2,2.25,M1,Drum Set
2,2.5,2,2.75,M1,Drum Set
2,3.0,2,3.25,M1,Drum Set
2,3.5,2,3.75,M1,Drum Set
2,4.0,2,4.25,M1,Drum Set
2,4.5,2,4.75,M1,Drum Set
3,1.0,3,1.25,M1,"Drum Set, Percussion"
3,1.5,3,1.75,M1,"Drum Set, Percussion"
3,2.0,3,2.25,M1,"Drum Set, Percussion"
3,2.5,3,2.75,M1,"Drum Set, Percussion"
3,3.0,3,3.25,M1,"Drum Set, Percussion"
3,3.5,3,3.75,M1,"Drum Set, Percussion"
3,4.0,3,4.25,M1,"Drum Set, Percussion"
3,4.5,3,4.75,M1,"Drum Set, Percussion"
4,1.0,4,1.25,M1,"Drum Set, Percussion"
4,1.5,4,1.75,M1,"Claves, Drum Set"
4,2.0,4,2.25,M1,"Claves, Drum Set"
4,2.5,4,2.75,M1,"Cowbell 1, Drum Set"
4,3.0,4,3.25,M1,"Cowbell 1, Drum Set"
4,3.5,4,3.75,M1,"Claves, Drum Set"
4,4.0,4,4.25,M1,"Claves, Drum Set"
4,4.5,4,4.75,M1,"Drum Set, Percussion"
5,1.0,5,1.25,M1,"Conga, Double Bass, Drum Set, Percussion, Violoncello"
5,1.0,5,1.25,M2,"Conga, Double Bass, Drum Set, Percussion, Violoncello"
5,1.25,5,1.5,M1,"Conga, Double Bass, Violoncello"
5,1.25,5,1.5,M2,"Conga, Double Bass, Violoncello"
5,1.5,5,1.75,M1,"Conga, Double Bass, Drum Set, Percussion, Violoncello"
5,1.5,5,1.75,M2,"Conga, Double Bass, Drum Set, Percussion, Violoncello"
5,2.0,5,2.25,M1,"Conga, Double Bass, Drum Set, Percussion, Violoncello"
5,2.0,5,2.25,M2,"Conga, Double Bass, Drum Set, Percussion, Violoncello"
5,2.25,5,2.5,M1,"Conga, Double Bass, Violoncello"
5,2.25,5,2.5,M2,"Conga, Double Bass, Violoncello"
5,2.5,5,2.75,M1,"Conga, Double Bass, Drum Set, Percussion, Violoncello"
5,2.5,5,2.75,M2,"Conga, Double Bass, Drum Set, Percussion, Violoncello"
5,3.0,5,3.25,M1,"Conga, Double Bass, Drum Set, Percussion, Violoncello"
5,3.0,5,3.25,M2,"Conga, Double Bass, Drum Set, Percussion, Violoncello"
5,3.25,5,3.5,M1,"Conga, Double Bass, Violoncello"
5,3.25,5,3.5,M2,"Conga, Double Bass, Violoncello"
5,3.5,5,3.75,M1,"Conga, Double Bass, Drum Set, Percussion, Violoncello"
5,3.5,5,3.75,M2,"Conga, Double Bass, Drum Set, Percussion, Violoncello"
5,3.75,5,4.0,M1,"Conga, Double Bass, Violoncello"
5,3.75,5,4.0,M2,"Conga, Double Bass, Violoncello"
5,4.0,5,4.25,M1,"Conga, Double Bass, Drum Set, Percussion, Violoncello"
5,4.0,5,4.25,M2,"Conga, Double Bass, Drum Set, Percussion, Violoncello"
5,4.5,5,4.75,M1,"Conga, Double Bass, Drum Set, Percussion, Violoncello"
5,4.5,5,4.75,M2,"Conga, Double Bass, Drum Set, Percussion, Violoncello"
6,1.0,6,1.25,M1,"Conga, Double Bass, Drum Set, Percussion, Violoncello"
6,1.0,6,1.25,M2,"Conga, Double Bass, Drum Set, Percussion, Violoncello"
6,1.5,6,1.75,M1,"Claves, Conga, Double Bass, Drum Set, Violoncello"
6,1.5,6,1.75,M2,"Claves, Conga, Double Bass, Drum Set, Violoncello"
6,1.75,6,2.0,M1,"Conga, Double Bass, Violoncello"
6,1.75,6,2.0,M2,"Conga, Double Bass, Violoncello"
6,2.0,6,2.25,M1,"Claves, Conga, Double Bass, Drum Set, Violoncello"
6,2.0,6,2.25,M2,"Claves, Conga, Double Bass, Drum Set, Violoncello"
6,2.5,6,2.75,M1,"Conga, Cowbell 1, Double Bass, Drum Set, Violoncello"
6,2.5,6,2.75,M2,"Conga, Cowbell 1, Double Bass, Drum Set, Violoncello"
6,2.75,6,3.0,M1,"Conga, Double Bass, Violoncello"
6,2.75,6,3.0,M2,"Conga, Double Bass, Violoncello"
6,3.0,6,3.25,M1,"Conga, Cowbell 1, Double Bass, Drum Set, Violoncello"
6,3.0,6,3.25,M2,"Conga, Cowbell 1, Double Bass, Drum Set, Violoncello"
6,3.5,6,3.75,M1,"Claves, Conga, Double Bass, Drum Set, Violoncello"
6,3.5,6,3.75,M2,"Claves, Conga, Double Bass, Drum Set, Violoncello"
6,4.0,6,4.25,M1,"Claves, Conga, Double Bass, Drum Set, Violoncello"
6,4.0,6,4.25,M2,"Claves, Conga, Double Bass, Drum Set, Violoncello"
6,4.25,6,4.5,M1,"Conga, Double Bass, Violoncello"
6,4.25,6,4.5,M2,"Conga, Double Bass, Violoncello"
6,4.5,6,4.75,M1,"Conga, Double Bass, Drum Set, Percussion, Violoncello"
6,4.5,6,4.75,M2,"Conga, Double Bass, Drum Set, Percussion, Violoncello"
6,4.75,7,1.0,M1,"Conga, Double Bass, Violoncello"
6,4.75,7,1.0,M2,"Conga, Double Bass, Violoncello"
7,1.0,7,1.25,M1,"Castanets, Conga, Double Bass, Drum Set, Percussion, Viola, Violin I, Violin II, Violoncello"
7,1.0,7,1.25,M2,"Castanets, Conga, Double Bass, Drum Set, Percussion, Viola, Violin I, Violin II, Violoncello"
7,1.0,7,1.25,M3,"Castanets, Conga, Double Bass, Drum Set, Percussion, Viola, Violin I, Violin II, Violoncello"
7,1.25,7,1.5,M1,"Castanets, Conga, Double Bass, Viola, Violin I, Violin II, Violoncello"
7,1.25,7,1.5,M2,"Castanets, Conga, Double Bass, Viola, Violin I, Violin II, Violoncello"
7,1.25,7,1.5,M3,"Castanets, Conga, Double Bass, Viola, Violin I, Violin II, Violoncello"
7,1.5,7,1.75,M1,"Castanets, Conga, Double Bass, Drum Set, Percussion, Viola, Violin I, Violin II, Violoncello"
7,1.5,7,1.75,M2,"Castanets, Conga, Double Bass, Drum Set, Percussion, Viola, Violin I, Violin II, Violoncello"
7,1.5,7,1.75,M3,"Castanets, Conga, Double Bass, Drum Set, Percussion, Viola, Violin I, Violin II, Violoncello"
7,1.75,7,2.0,M1,"Castanets, Viola, Violin I, Violin II"
7,1.75,7,2.0,M2,"Castanets, Viola, Violin I, Violin II"
7,1.75,7,2.0,M3,"Castanets, Viola, Violin I, Violin II"
7,2.0,7,2.25,M1,"Castanets, Conga, Double Bass, Drum Set, Percussion, Viola, Violin I, Violin II, Violoncello"
7,2.0,7,2.25,M2,"Castanets, Conga, Double Bass, Drum Set, Percussion, Viola, Violin I, Violin II, Violoncello"
7,2.0,7,2.25,M3,"Castanets, Conga, Double Bass, Drum Set, Percussion, Viola, Violin I, Violin II, Violoncello"
7,2.25,7,2.5,M1,"Castanets, Conga, Double Bass, Viola, Violin I, Violin II, Violoncello"
7,2.25,7,2.5,M2,"Castanets, Conga, Double Bass, Viola, Violin I, Violin II, Violoncello"
7,2.25,7,2.5,M3,"Castanets, Conga, Double Bass, Viola, Violin I, Violin II, Violoncello"
7,2.5,7,2.75,M1,"Castanets, Conga, Double Bass, Drum Set, Percussion, Viola, Violin I, Violin II, Violoncello"
7,2.5,7,2.75,M2,"Castanets, Conga, Double Bass, Drum Set, Percussion, Viola, Violin I, Violin II, Violoncello"
7,2.5,7,2.75,M3,"Castanets, Conga, Double Bass, Drum Set, Percussion, Viola, Violin I, Violin II, Violoncello"
7,2.75,7,3.0,M1,"Castanets, Viola, Violin I, Violin II"
7,2.75,7,3.0,M2,"Castanets, Viola, Violin I, Violin II"
7,2.75,7,3.0,M3,"Castanets, Viola, Violin I, Violin II"
7,3.0,7,3.25,M1,"Castanets, Conga, Double Bass, Drum Set, Percussion, Viola, Violin I, Violin II, Violoncello"
7,3.0,7,3.25,M2,"Castanets, Conga, Double Bass, Drum Set, Percussion, Viola, Violin I, Violin II, Violoncello"
7,3.0,7,3.25,M3,"Castanets, Conga, Double Bass, Drum Set, Percussion, Viola, Violin I, Violin II, Violoncello"
7,3.25,7,3.5,M1,"Castanets, Conga, Double Bass, Viola, Violin I, Violin II, Violoncello"
7,3.25,7,3.5,M2,"Castanets, Conga, Double Bass, Viola, Violin I, Violin II, Violoncello"
7,3.25,7,3.5,M3,"Castanets, Conga, Double Bass, Viola, Violin I, Violin II, Violoncello"
7,3.5,7,3.75,M1,"Castanets, Conga, Double Bass, Drum Set, Percussion, Viola, Violin I, Violin II, Violoncello"
7,3.5,7,3.75,M2,"Castanets, Conga, Double Bass, Drum Set, Percussion, Viola, Violin I, Violin II, Violoncello"
7,3.5,7,3.75,M3,"Castanets, Conga, Double Bass, Drum Set, Percussion, Viola, Violin I, Violin II, Violoncello"
7,3.75,7,4.0,M1,"Castanets, Conga, Double Bass, Viola, Violin I, Violin II, Violoncello"
7,3.75,7,4.0,M2,"Castanets, Conga, Double Bass, Viola, Violin I, Violin II, Violoncello"
7,3.75,7,4.0,M3,"Castanets, Conga, Double Bass, Viola, Violin I, Violin II, Violoncello"
7,4.0,7,4.25,M1,"Castanets, Conga, Double Bass, Drum Set, Percussion, Viola, Violin I, Violin II, Violoncello"
7,4.0,7,4.25,M2,"Castanets, Conga, Double Bass, Drum Set, Percussion, Viola, Violin I, Violin II, Violoncello"
7,4.0,7,4.25,M3,"Castanets, Conga, Double Bass, Drum Set, Percussion, Viola, Violin I, Violin II, Violoncello"
7,4.25,7,4.5,M1,"Castanets, Viola, Violin I, Violin II"
7,4.25,7,4.5,M2,"Castanets, Viola, Violin I, Violin II"
7,4.25,7,4.5,M3,"Castanets, Viola, Violin I, Violin II"
7,4.5,7,4.75,M1,"Castanets, Conga, Double Bass, Drum Set, Percussion, Viola, Violin I, Violin II, Violoncello"
7,4.5,7,4.75,M2,"Castanets, Conga, Double Bass, Drum Set, Percussion, Viola, Violin I, Violin II, Violoncello"
7,4.5,7,4.75,M3,"Castanets, Conga, Double Bass, Drum Set, Percussion, Viola, Violin I, Violin II, Violoncello"
7,4.75,8,1.0,M1,"Castanets, Viola, Violin I, Violin II"
7,4.75,8,1.0,M2,"Castanets, Viola, Violin I, Violin II"
7,4.75,8,1.0,M3,"Castanets, Viola, Violin I, Violin II"
8,1.0,8,1.25,M1,"Castanets, Conga, Double Bass, Drum Set, Percussion, Viola, Violin I, Violin II, Violoncello"
8,1.0,8,1.25,M2,"Castanets, Conga, Double Bass, Drum Set, Percussion, Viola, Violin I, Violin II, Violoncello"
8,1.0,8,1.25,M3,"Castanets, Conga, Double Bass, Drum Set, Percussion, Viola, Violin I, Violin II, Violoncello"
8,1.25,8,1.5,M1,"Castanets, Viola, Violin I, Violin II"
8,1.25,8,1.5,M2,"Castanets, Viola, Violin I, Violin II"
8,1.25,8,1.5,M3,"Castanets, Viola, Violin I, Violin II"
8,1.5,8,1.75,M1,"Castanets, Claves, Conga, Double Bass, Drum Set, Viola, Violin I, Violin II, Violoncello"
8,1.5,8,1.75,M2,"Castanets, Claves, Conga, Double Bass, Drum Set, Viola, Violin I, Violin II, Violoncello"
8,1.5,8,1.75,M3,"Castanets, Claves, Conga, Double Bass, Drum Set, Viola, Violin I, Violin II, Violoncello"
8,1.75,8,2.0,M1,"Castanets, Conga, Double Bass, Viola, Violin I, Violin II, Violoncello"
8,1.75,8,2.0,M2,"Castanets, Conga, Double Bass, Viola, Violin I, Violin II, Violoncello"
8,1.75,8,2.0,M3,"Castanets, Conga, Double Bass, Viola, Violin I, Violin II, Violoncello"
8,2.0,8,2.25,M1,"Castanets, Claves, Conga, Double Bass, Drum Set, Viola, Violin I, Violin II, Violoncello"
8,2.0,8,2.25,M2,"Castanets, Claves, Conga, Double Bass, Drum Set, Viola, Violin I, Violin II, Violoncello"
8,2.0,8,2.25,M3,"Castanets, Claves, Conga, Double Bass, Drum Set, Viola, Violin I, Violin II, Violoncello"
8,2.25,8,2.5,M1,"Castanets, Viola, Violin I, Violin II"
8,2.25,8,2.5,M2,"Castanets, Viola, Violin I, Violin II"
8,2.25,8,2.5,M3,"Castanets, Viola, Violin I, Violin II"
8,2.5,8,2.75,M1,"Castanets, Conga, Cowbell 1, Double Bass, Drum Set, Viola, Violin I, Violin II, Violoncello"
8,2.5,8,2.75,M2,"Castanets, Conga, Cowbell 1, Double Bass, Drum Set, Viola, Violin I, Violin II, Violoncello"
8,2.5,8,2.75,M3,"Castanets, Conga, Cowbell 1, Double Bass, Drum Set, Viola, Violin I, Violin II, Violoncello"
8,2.75,8,3.0,M1,"Castanets, Conga, Double Bass, Viola, Violin I, Violin II, Violoncello"
8,2.75,8,3.0,M2,"Castanets, Conga, Double Bass, Viola, Violin I, Violin II, Violoncello"
8,2.75,8,3.0,M3,"Castanets, Conga, Double Bass, Viola, Violin I, Violin II, Violoncello"
8,3.0,8,3.25,M1,"Castanets, Conga, Cowbell 1, Double Bass, Drum Set, Viola, Violin I, Violin II, Violoncello"
8,3.0,8,3.25,M2,"Castanets, Conga, Cowbell 1, Double Bass, Drum Set, Viola, Violin I, Violin II, Violoncello"
8,3.0,8,3.25,M3,"Castanets, Conga, Cowbell 1, Double Bass, Drum Set, Viola, Violin I, Violin II, Violoncello"
8,3.25,8,3.5,M1,"Castanets, Viola, Violin I, Violin II"
8,3.25,8,3.5,M2,"Castanets, Viola, Violin I, Violin II"
8,3.25,8,3.5,M3,"Castanets, Viola, Violin I, Violin II"
8,3.5,8,3.75,M1,"Castanets, Claves, Conga, Double Bass, Drum Set, Viola, Violin I, Violin II, Violoncello"
8,3.5,8,3.75,M2,"Castanets, Claves, Conga, Double Bass, Drum Set, Viola, Violin I, Violin II, Violoncello"
8,3.5,8,3.75,M3,"Castanets, Claves, Conga, Double Bass, Drum Set, Viola, Violin I, Violin II, Violoncello"
8,3.75,8,4.0,M1,"Castanets, Viola, Violin I, Violin II"
8,3.75,8,4.0,M2,"Castanets, Viola, Violin I, Violin II"
8,3.75,8,4.0,M3,"Castanets, Viola, Violin I, Violin II"
8,4.0,8,4.25,M1,"Castanets, Claves, Conga, Double Bass, Drum Set, Viola, Violin I, Violin II, Violoncello"
8,4.0,8,4.25,M2,"Castanets, Claves, Conga, Double Bass, Drum Set, Viola, Violin I, Violin II, Violoncello"
8,4.0,8,4.25,M3,"Castanets, Claves, Conga, Double Bass, Drum Set, Viola, Violin I, Violin II, Violoncello"
8,4.25,8,4.5,M1,"Castanets, Conga, Double Bass, Viola, Violin I, Violin II, Violoncello"
8,4.25,8,4.5,M2,"Castanets, Conga, Double Bass, Viola, Violin I, Violin II, Violoncello"
8,4.25,8,4.5,M3,"Castanets, Conga, Double Bass, Viola, Violin I, Violin II, Violoncello"
8,4.5,8,4.75,M1,"Castanets, Conga, Double Bass, Drum Set, Percussion, Viola, Violin I, Violin II, Violoncello"
8,4.5,8,4.75,M2,"Castanets, Conga, Double Bass, Drum Set, Percussion, Viola, Violin I, Violin II, Violoncello"
8,4.5,8,4.75,M3,"Castanets, Conga, Double Bass, Drum Set, Percussion, Viola, Violin I, Violin II, Violoncello"
8,4.75,9,1.0,M1,"Castanets, Conga, Double Bass, Viola, Violin I, Violin II, Violoncello"
8,4.75,9,1.0,M2,"Castanets, Conga, Double Bass, Viola, Violin I, Violin II, Violoncello"
8,4.75,9,1.0,M3,"Castanets, Conga, Double Bass, Viola, Violin I, Violin II, Violoncello"
9,1.0,9,1.25,M1,"Castanets, Conga, Double Bass, Drum Set, Percussion, Viola, Violin I, Violin II, Violoncello"
9,1.0,9,1.25,M2,"Castanets, Conga, Double Bass, Drum Set, Percussion, Viola, Violin I, Violin II, Violoncello"
9,1.0,9,1.25,M3,"Castanets, Conga, Double Bass, Drum Set, Percussion, Viola, Violin I, Violin II, Violoncello"
9,1.25,9,1.5,M1,"Castanets, Conga, Double Bass, Viola, Violin I, Violin II, Violoncello"
9,1.25,9,1.5,M2,"Castanets, Conga, Double Bass, Viola, Violin I, Violin II, Violoncello"
9,1.25,9,1.5,M3,"Castanets, Conga, Double Bass, Viola, Violin I, Violin II, Violoncello"
9,1.5,9,1.75,M1,"Castanets, Conga, Double Bass, Drum Set, Percussion, Viola, Violin I, Violin II, Violoncello"
9,1.5,9,1.75,M2,"Castanets, Conga, Double Bass, Drum Set, Percussion, Viola, Violin I, Violin II, Violoncello"
9,1.5,9,1.75,M3,"Castanets, Conga, Double Bass, Drum Set, Percussion, Viola, Violin I, Violin II, Violoncello"
9,1.75,9,2.0,M1,"Castanets, Viola, Violin I, Violin II"
9,1.75,9,2.0,M2,"Castanets, Viola, Violin I, Violin II"
9,1.75,9,2.0,M3,"Castanets, Viola, Violin I, Violin II"
9,2.0,9,2.25,M1,"Castanets, Conga, Double Bass, Drum Set, Percussion, Viola, Violin I, Violin II, Violoncello"
9,2.0,9,2.25,M2,"Castanets, Conga, Double Bass, Drum Set, Percussion, Viola, Violin I, Violin II, Violoncello"
9,2.0,9,2.25,M3,"Castanets, Conga, Double Bass, Drum Set, Percussion, Viola, Violin I, Violin II, Violoncello"
9,2.25,9,2.5,M1,"Castanets, Conga, Double Bass, Viola, Violin I, Violin II, Violoncello"
9,2.25,9,2.5,M2,"Castanets, Conga, Double Bass, Viola, Violin I, Violin II, Violoncello"
9,2.25,9,2.5,M3,"Castanets, Conga, Double Bass, Viola, Violin I, Violin II, Violoncello"
9,2.5,9,2.75,M1,"Castanets, Conga, Double Bass, Drum Set, Percussion, Viola, Violin I, Violin II, Violoncello"
9,2.5,9,2.75,M2,"Castanets, Conga, Double Bass, Drum Set, Percussion, Viola, Violin I, Violin II, Violoncello"
9,2.5,9,2.75,M3,"Castanets, Conga, Double Bass, Drum Set, Percussion, Viola, Violin I, Violin II, Violoncello"
9,2.75,9,3.0,M1,"Castanets, Viola, Violin I, Violin II"
9,2.75,9,3.0,M2,"Castanets, Viola, Violin I, Violin II"
9,2.75,9,3.0,M3,"Castanets, Viola, Violin I, Violin II"
9,3.0,9,3.25,M1,"Castanets, Conga, Double Bass, Drum Set, Percussion, Viola, Violin I, Violin II, Violoncello"
9,3.0,9,3.25,M2,"Castanets, Conga, Double Bass, Drum Set, Percussion, Viola, Violin I, Violin II, Violoncello"
9,3.0,9,3.25,M3,"Castanets, Conga, Double Bass, Drum Set, Percussion, Viola, Violin I, Violin II, Violoncello"
9,3.25,9,3.5,M1,"Castanets, Conga, Double Bass, Viola, Violin I, Violin II, Violoncello"
9,3.25,9,3.5,M2,"Castanets, Conga, Double Bass, Viola, Violin I, Violin II, Violoncello"
9,3.25,9,3.5,M3,"Castanets, Conga, Double Bass, Viola, Violin I, Violin II, Violoncello"
9,3.5,9,3.75,M1,"Castanets, Conga, Double Bass, Drum Set, Percussion, Viola, Violin I, Violin II, Violoncello"
9,3.5,9,3.75,M2,"Castanets, Conga, Double Bass, Drum Set, Percussion, Viola, Violin I, Violin II, Violoncello"
9,3.5,9,3.75,M3,"Castanets, Conga, Double Bass, Drum Set, Percussion, Viola, Violin I, Violin II, Violoncello"
9,3.75,9,4.0,M1,"Castanets, Conga, Double Bass, Viola, Violin I, Violin II, Violoncello"
9,3.75,9,4.0,M2,"Castanets, Conga, Double Bass, Viola, Violin I, Violin II, Violoncello"
9,3.75,9,4.0,M3,"Castanets, Conga, Double Bass, Viola, Violin I, Violin II, Violoncello"
9,4.0,9,4.25,M1,"Castanets, Conga, Double Bass, Drum Set, Percussion, Viola, Violin I, Violin II, Violoncello"
9,4.0,9,4.25,M2,"Castanets, Conga, Double Bass, Drum Set, Percussion, Viola, Violin I, Violin II, Violoncello"
9,4.0,9,4.25,M3,"Castanets, Conga, Double Bass, Drum Set, Percussion, Viola, Violin I, Violin II, Violoncello"
9,4.25,9,4.5,M1,"Castanets, Viola, Violin I, Violin II"
9,4.25,9,4.5,M2,"Castanets, Viola, Violin I, Violin II"
9,4.25,9,4.5,M3,"Castanets, Viola, Violin I, Violin II"
9,4.5,9,4.75,M1,"Castanets, Conga, Double Bass, Drum Set, Percussion, Viola, Violin I, Violin II, Violoncello"
9,4.5,9,4.75,M2,"Castanets, Conga, Double Bass, Drum Set, Percussion, Viola, Violin I, Violin II, Violoncello"
9,4.5,9,4.75,M3,"Castanets, Conga, Double Bass, Drum Set, Percussion, Viola, Violin I, Violin II, Violoncello"
9,4.75,10,1.0,M1,"Castanets, Viola, Violin I, Violin II"
9,4.75,10,1.0,M2,"Castanets, Viola, Violin I, Violin II"
9,4.75,10,1.0,M3,"Castanets, Viola, Violin I, Violin II"
10,1.0,10,1.25,M1,"Castanets, Conga, Double Bass, Drum Set, Percussion, Viola, Violin I, Violin II, Violoncello"
10,1.0,10,1.25,M2,"Castanets, Conga, Double Bass, Drum Set, Percussion, Viola, Violin I, Violin II, Violoncello"
10,1.0,10,1.25,M3,"Castanets, Conga, Double Bass, Drum Set, Percussion, Viola, Violin I, Violin II, Violoncello"
10,1.25,10,1.5,M1,"Castanets, Viola, Violin I, Violin II"
10,1.25,10,1.5,M2,"Castanets, Viola, Violin I, Violin II"
10,1.25,10,1.5,M3,"Castanets, Viola, Violin I, Violin II"
10,1.5,10,1.75,M1,"Castanets, Claves, Conga, Double Bass, Drum Set, Viola, Violin I, Violin II, Violoncello"
10,1.5,10,1.75,M2,"Castanets, Claves, Conga, Double Bass, Drum Set, Viola, Violin I, Violin II, Violoncello"
10,1.5,10,1.75,M3,"Castanets, Claves, Conga, Double Bass, Drum Set, Viola, Violin I, Violin II, Violoncello"
10,1.75,10,2.0,M1,"Castanets, Conga, Double Bass, Viola, Violin I, Violin II, Violoncello"
10,1.75,10,2.0,M2,"Castanets, Conga, Double Bass, Viola, Violin I, Violin II, Violoncello"
10,1.75,10,2.0,M3,"Castanets, Conga, Double Bass, Viola, Violin I, Violin II, Violoncello"
10,2.0,10,2.25,M1,"Castanets, Claves, Conga, Double Bass, Drum Set, Viola, Violin I, Violin II, Violoncello"
10,2.0,10,2.25,M2,"Castanets, Claves, Conga, Double Bass, Drum Set, Viola, Violin I, Violin II, Violoncello"
10,2.0,10,2.25,M3,"Castanets, Claves, Conga, Double Bass, Drum Set, Viola, Violin I, Violin II, Violoncello"
10,2.25,10,2.5,M1,"Castanets, Viola, Violin I, Violin II"
10,2.25,10,2.5,M2,"Castanets, Viola, Violin I, Violin II"
10,2.25,10,2.5,M3,"Castanets, Viola, Violin I, Violin II"
10,2.5,10,2.75,M1,"Castanets, Conga, Cowbell 1, Double Bass, Drum Set, Viola, Violin I, Violin II, Violoncello"
10,2.5,10,2.75,M2,"Castanets, Conga, Cowbell 1, Double Bass, Drum Set, Viola, Violin I, Violin II, Violoncello"
10,2.5,10,2.75,M3,"Castanets, Conga, Cowbell 1, Double Bass, Drum Set, Viola, Violin I, Violin II, Violoncello"
10,2.75,10,3.0,M1,"Castanets, Conga, Double Bass, Viola, Violin I, Violin II, Violoncello"
10,2.75,10,3.0,M2,"Castanets, Conga, Double Bass, Viola, Violin I, Violin II, Violoncello"
10,2.75,10,3.0,M3,"Castanets, Conga, Double Bass, Viola, Violin I, Violin II, Violoncello"
10,3.0,10,3.25,M1,"Castanets, Conga, Cowbell 1, Double Bass, Drum Set, Viola, Violin I, Violin II, Violoncello"
10,3.0,10,3.25,M2,"Castanets, Conga, Cowbell 1, Double Bass, Drum Set, Viola, Violin I, Violin II, Violoncello"
10,3.0,10,3.25,M3,"Castanets, Conga, Cowbell 1, Double Bass, Drum Set, Viola, Violin I, Violin II, Violoncello"
10,3.25,10,3.5,M1,"Castanets, Viola, Violin I, Violin II"
10,3.25,10,3.5,M2,"Castanets, Viola, Violin I, Violin II"
10,3.25,10,3.5,M3,"Castanets, Viola, Violin I, Violin II"
10,3.5,10,3.75,M1,"Castanets, Claves, Conga, Double Bass, Drum Set, Viola, Violin I, Violin II, Violoncello"
10,3.5,10,3.75,M2,"Castanets, Claves, Conga, Double Bass, Drum Set, Viola, Violin I, Violin II, Violoncello"
10,3.5,10,3.75,M3,"Castanets, Claves, Conga, Double Bass, Drum Set, Viola, Violin I, Violin II, Violoncello"
10,3.75,10,4.0,M1,"Castanets, Viola, Violin I, Violin II"
10,3.75,10,4.0,M2,"Castanets, Viola, Violin I, Violin II"
10,3.75,10,4.0,M3,"Castanets, Viola, Violin I, Violin II"
10,4.0,10,4.25,M1,"Castanets, Claves, Conga, Double Bass, Drum Set, Viola, Violin I, Violin II, Violoncello"
10,4.0,10,4.25,M2,"Castanets, Claves, Conga, Double Bass, Drum Set, Viola, Violin I, Violin II, Violoncello"
10,4.0,10,4.25,M3,"Castanets, Claves, Conga, Double Bass, Drum Set, Viola, Violin I, Violin II, Violoncello"
10,4.25,10,4.5,M1,"Castanets, Conga, Double Bass, Viola, Violin I, Violin II, Violoncello"
10,4.25,10,4.5,M2,"Castanets, Conga, Double Bass, Viola, Violin I, Violin II, Violoncello"
10,4.25,10,4.5,M3,"Castanets, Conga, Double Bass, Viola, Violin I, Violin II, Violoncello"
10,4.5,10,4.75,M1,"Castanets, Conga, Double Bass, Drum Set, Percussion, Viola, Violin I, Violin II, Violoncello"
10,4.5,10,4.75,M2,"Castanets, Conga, Double Bass, Drum Set, Percussion, Viola, Violin I, Violin II, Violoncello"
10,4.5,10,4.75,M3,"Castanets, Conga, Double Bass, Drum Set, Percussion, Viola, Violin I, Violin II, Violoncello"
10,4.75,11,1.0,M1,"Castanets, Conga, Double Bass, Viola, Violin I, Violin II, Violoncello"
10,4.75,11,1.0,M2,"Castanets, Conga, Double Bass, Viola, Violin I, Violin II, Violoncello"
10,4.75,11,1.0,M3,"Castanets, Conga, Double Bass, Viola, Violin I, Violin II, Violoncello"
11,1.0,11,1.25,M1,"Conga, Double Bass, Drum Set, Percussion, Solo Soprano Saxophone, Solo Violin, Solo Violoncello, Violoncello"
11,1.0,11,1.25,M2,"Conga, Double Bass, Drum Set, Percussion, Solo Soprano Saxophone, Solo Violin, Solo Violoncello, Violoncello"
11,1.0,18,1.0,M4,
11,1.25,11,1.5,M1,"Double Bass, Violoncello"
11,1.25,11,1.5,M2,"Double Bass, Violoncello"
11,1.5,11,1.75,M1,"Conga, Double Bass, Drum Set, Percussion, Violoncello"
11,1.5,11,1.75,M2,"Conga, Double Bass, Drum Set, Percussion, Violoncello"
11,1.75,11,2.0,M1,"Conga, Solo Soprano Saxophone"
11,1.75,11,2.0,M2,"Conga, Solo Soprano Saxophone"
11,2.0,11,2.25,M1,"Conga, Double Bass, Drum Set, Percussion, Solo Soprano Saxophone, Violoncello"
11,2.0,11,2.25,M2,"Conga, Double Bass, Drum Set, Percussion, Solo Soprano Saxophone, Violoncello"
11,2.25,11,2.5,M1,"Double Bass, Solo Soprano Saxophone, Violoncello"
11,2.25,11,2.5,M2,"Double Bass, Solo Soprano Saxophone, Violoncello"
11,2.5,11,2.75,M1,"Conga, Double Bass, Drum Set, Percussion, Solo Soprano Saxophone, Violoncello"
11,2.5,11,2.75,M2,"Conga, Double Bass, Drum Set, Percussion, Solo Soprano Saxophone, Violoncello"
11,2.75,11,3.0,M1,"Conga, Solo Soprano Saxophone"
11,2.75,11,3.0,M2,"Conga, Solo Soprano Saxophone"
11,3.0,11,3.25,M1,"Conga, Double Bass, Drum Set, Percussion, Solo Soprano Saxophone, Violoncello"
11,3.0,11,3.25,M2,"Conga, Double Bass, Drum Set, Percussion, Solo Soprano Saxophone, Violoncello"
11,3.25,11,3.5,M1,"Double Bass, Violoncello"
11,3.25,11,3.5,M2,"Double Bass, Violoncello"
11,3.5,11,3.75,M1,"Conga, Double Bass, Drum Set, Percussion, Violoncello"
11,3.5,11,3.75,M2,"Conga, Double Bass, Drum Set, Percussion, Violoncello"
11,3.75,11,4.0,M1,"Double Bass, Violoncello"
11,3.75,11,4.0,M2,"Double Bass, Violoncello"
11,4.0,11,4.25,M1,"Conga, Double Bass, Drum Set, Percussion, Violoncello"
11,4.0,11,4.25,M2,"Conga, Double Bass, Drum Set, Percussion, Violoncello"
11,4.25,11,4.5,M1,Conga
11,4.25,11,4.5,M2,Conga
11,4.5,11,4.75,M1,"Conga, Double Bass, Drum Set, Percussion, Solo Soprano Saxophone, Violoncello"
11,4.5,11,4.75,M2,"Conga, Double Bass, Drum Set, Percussion, Solo Soprano Saxophone, Violoncello"
11,4.75,12,1.0,M1,Conga
11,4.75,12,1.0,M2,Conga
12,1.0,12,1.25,M1,"Conga, Double Bass, Drum Set, Percussion, Solo Soprano Saxophone, Solo Violin, Solo Violoncello, Violoncello"
12,1.0,12,1.25,M2,"Conga, Double Bass, Drum Set, Percussion, Solo Soprano Saxophone, Solo Violin, Solo Violoncello, Violoncello"
12,1.0,15,1.0,M5,
12,1.5,12,1.75,M1,"Claves, Conga, Double Bass, Drum Set, Trumpet (B Flat) (B Flat) (B Flat) 1, Trumpet (B Flat) (B Flat) (B Flat) 2, Violoncello"
12,1.5,12,1.75,M2,"Claves, Conga, Double Bass, Drum Set, Trumpet (B Flat) (B Flat) (B Flat) 1, Trumpet (B Flat) (B Flat) (B Flat) 2, Violoncello"
12,1.75,12,2.0,M1,"Conga, Double Bass, Trumpet (B Flat) (B Flat) (B Flat) 1, Trumpet (B Flat) (B Flat) (B Flat) 2, Violoncello"
12,1.75,12,2.0,M2,"Conga, Double Bass, Trumpet (B Flat) (B Flat) (B Flat) 1, Trumpet (B Flat) (B Flat) (B Flat) 2, Violoncello"
12,2.0,12,2.25,M1,"Claves, Conga, Double Bass, Drum Set, Trumpet (B Flat) (B Flat) (B Flat) 1, Trumpet (B Flat) (B Flat) (B Flat) 2, Violoncello"
12,2.0,12,2.25,M2,"Claves, Conga, Double Bass, Drum Set, Trumpet (B Flat) (B Flat) (B Flat) 1, Trumpet (B Flat) (B Flat) (B Flat) 2, Violoncello"
12,2.5,12,2.75,M1,"Conga, Cowbell 1, Double Bass, Drum Set, Violoncello"
12,2.5,12,2.75,M2,"Conga, Cowbell 1, Double Bass, Drum Set, Violoncello"
12,2.75,12,3.0,M1,"Conga, Double Bass, Violoncello"
12,2.75,12,3.0,M2,"Conga, Double Bass, Violoncello"
12,3.0,12,3.25,M1,"Conga, Cowbell 1, Double Bass, Drum Set, Violoncello"
12,3.0,12,3.25,M2,"Conga, Cowbell 1, Double Bass, Drum Set, Violoncello"
12,3.5,12,3.75,M1,"Claves, Conga, Double Bass, Drum Set, Trumpet (B Flat) (B Flat) (B Flat) 1, Trumpet (B Flat) (B Flat) (B Flat) 2, Violoncello"
12,3.5,12,3.75,M2,"Claves, Conga, Double Bass, Drum Set, Trumpet (B Flat) (B Flat) (B Flat) 1, Trumpet (B Flat) (B Flat) (B Flat) 2, Violoncello"
12,4.0,12,4.25,M1,"Claves, Conga, Double Bass, Drum Set, Violoncello"
12,4.0,12,4.25,M2,"Claves, Conga, Double Bass, Drum Set, Violoncello"
12,4.25,12,4.5,M1,"Conga, Double Bass, Violoncello"
12,4.25,12,4.5,M2,"Conga, Double Bass, Violoncello"
12,4.5,12,4.75,M1,"Conga, Double Bass, Drum Set, Percussion, Trumpet (B Flat) (B Flat) (B Flat) 1, Trumpet (B Flat) (B Flat) (B Flat) 2, Violoncello"
12,4.5,12,4.75,M2,"Conga, Double Bass, Drum Set, Percussion, Trumpet (B Flat) (B Flat) (B Flat) 1, Trumpet (B Flat) (B Flat) (B Flat) 2, Violoncello"
12,4.75,13,1.0,M1,"Conga, Double Bass, Violoncello"
12,4.75,13,1.0,M2,"Conga, Double Bass, Violoncello"
13,1.0,13,1.25,M1,"Conga, Double Bass, Drum Set, Percussion, Solo Soprano Saxophone, Solo Violin, Solo Violoncello, Trumpet (B Flat) (B Flat) (B Flat) 1, Trumpet (B Flat) (B Flat) (B Flat) 2, Violoncello"
13,1.0,13,1.25,M2,"Conga, Double Bass, Drum Set, Percussion, Solo Soprano Saxophone, Solo Violin, Solo Violoncello, Trumpet (B Flat) (B Flat) (B Flat) 1, Trumpet (B Flat) (B Flat) (B Flat) 2, Violoncello"
13,1.25,13,1.5,M1,"Double Bass, Violoncello"
13,1.25,13,1.5,M2,"Double Bass, Violoncello"
13,1.5,13,1.75,M1,"Conga, Double Bass, Drum Set, Flute 1, Flute 2, Oboe, Percussion, Violoncello"
13,1.5,13,1.75,M2,"Conga, Double Bass, Drum Set, Flute 1, Flute 2, Oboe, Percussion, Violoncello"
13,1.75,13,2.0,M1,"Conga, Flute 1, Flute 2, Oboe"
13,1.75,13,2.0,M2,"Conga, Flute 1, Flute 2, Oboe"
13,2.0,13,2.25,M1,"Conga, Double Bass, Drum Set, Flute 1, Flute 2, Oboe, Percussion, Violoncello"
13,2.0,13,2.25,M2,"Conga, Double Bass, Drum Set, Flute 1, Flute 2, Oboe, Percussion, Violoncello"
13,2.25,13,2.5,M1,"Double Bass, Violoncello"
13,2.25,13,2.5,M2,"Double Bass, Violoncello"
13,2.5,13,2.75,M1,"Conga, Double Bass, Drum Set, Flute 1, Flute 2, Oboe, Percussion, Violoncello"
13,2.5,13,2.75,M2,"Conga, Double Bass, Drum Set, Flute 1, Flute 2, Oboe, Percussion, Violoncello"
13,2.75,13,3.0,M1,"Conga, Flute 1, Flute 2, Oboe"
13,2.75,13,3.0,M2,"Conga, Flute 1, Flute 2, Oboe"
13,3.0,13,3.25,M1,"Conga, Double Bass, Drum Set, Flute 1, Flute 2, Oboe, Percussion, Violoncello"
13,3.0,13,3.25,M2,"Conga, Double Bass, Drum Set, Flute 1, Flute 2, Oboe, Percussion, Violoncello"
13,3.25,13,3.5,M1,"Double Bass, Violoncello"
13,3.25,13,3.5,M2,"Double Bass, Violoncello"
13,3.5,13,3.75,M1,"Clarinet (B Flat) (B Flat) (B Flat) 1, Clarinet (B Flat) (B Flat) (B Flat) 2, Conga, Double Bass, Drum Set, Percussion, Violoncello"
13,3.5,13,3.75,M2,"Clarinet (B Flat) (B Flat) (B Flat) 1, Clarinet (B Flat) (B Flat) (B Flat) 2, Conga, Double Bass, Drum Set, Percussion, Violoncello"
13,3.75,13,4.0,M1,"Clarinet (B Flat) (B Flat) (B Flat) 1, Clarinet (B Flat) (B Flat) (B Flat) 2, Double Bass, Violoncello"
13,3.75,13,4.0,M2,"Clarinet (B Flat) (B Flat) (B Flat) 1, Clarinet (B Flat) (B Flat) (B Flat) 2, Double Bass, Violoncello"
13,4.0,13,4.25,M1,"Clarinet (B Flat) (B Flat) (B Flat) 1, Clarinet (B Flat) (B Flat) (B Flat) 2, Conga, Double Bass, Drum Set, Percussion, Violoncello"
13,4.0,13,4.25,M2,"Clarinet (B Flat) (B Flat) (B Flat) 1, Clarinet (B Flat) (B Flat) (B Flat) 2, Conga, Double Bass, Drum Set, Percussion, Violoncello"
13,4.25,13,4.5,M1,Conga
13,4.25,13,4.5,M2,Conga
13,4.5,13,4.75,M1,"Clarinet (B Flat) (B Flat) (B Flat) 1, Clarinet (B Flat) (B Flat) (B Flat) 2, Conga, Double Bass, Drum Set, Percussion, Violoncello"
13,4.5,13,4.75,M2,"Clarinet (B Flat) (B Flat) (B Flat) 1, Clarinet (B Flat) (B Flat) (B Flat) 2, Conga, Double Bass, Drum Set, Percussion, Violoncello"
13,4.75,14,1.0,M1,"Clarinet (B Flat) (B Flat) (B Flat) 1, Clarinet (B Flat) (B Flat) (B Flat) 2, Conga"
13,4.75,14,1.0,M2,"Clarinet (B Flat) (B Flat) (B Flat) 1, Clarinet (B Flat) (B Flat) (B Flat) 2, Conga"
14,1.0,14,1.25,M1,"Clarinet (B Flat) (B Flat) (B Flat) 1, Clarinet (B Flat) (B Flat) (B Flat) 2, Conga, Double Bass, Drum Set, Percussion, Solo Soprano Saxophone, Solo Violin, Solo Violoncello, Violoncello"
14,1.0,14,1.25,M2,"Clarinet (B Flat) (B Flat) (B Flat) 1, Clarinet (B Flat) (B Flat) (B Flat) 2, Conga, Double Bass, Drum Set, Percussion, Solo Soprano Saxophone, Solo Violin, Solo Violoncello, Violoncello"
14,1.5,14,1.75,M1,"Claves, Conga, Double Bass, Drum Set, Solo Soprano Saxophone, Solo Violin, Solo Violoncello, Violoncello"
14,1.5,14,1.75,M2,"Claves, Conga, Double Bass, Drum Set, Solo Soprano Saxophone, Solo Violin, Solo Violoncello, Violoncello"
14,1.75,14,2.0,M1,"Conga, Double Bass, Solo Soprano Saxophone, Solo Violin, Solo Violoncello, Violoncello"
14,1.75,14,2.0,M2,"Conga, Double Bass, Solo Soprano Saxophone, Solo Violin, Solo Violoncello, Violoncello"
14,2.0,14,2.25,M1,"Claves, Conga, Double Bass, Drum Set, Solo Soprano Saxophone, Solo Violin, Solo Violoncello, Violoncello"
14,2.0,14,2.25,M2,"Claves, Conga, Double Bass, Drum Set, Solo Soprano Saxophone, Solo Violin, Solo Violoncello, Violoncello"
14,2.5,14,2.75,M1,"Conga, Cowbell 1, Double Bass, Drum Set, Solo Soprano Saxophone, Solo Violin, Solo Violoncello, Violoncello"
14,2.5,14,2.75,M2,"Conga, Cowbell 1, Double Bass, Drum Set, Solo Soprano Saxophone, Solo Violin, Solo Violoncello, Violoncello"
14,2.75,14,3.0,M1,"Conga, Double Bass, Solo Soprano Saxophone, Solo Violin, Solo Violoncello, Violoncello"
14,2.75,14,3.0,M2,"Conga, Double Bass, Solo Soprano Saxophone, Solo Violin, Solo Violoncello, Violoncello"
14,3.0,14,3.25,M1,"Conga, Cowbell 1, Double Bass, Drum Set, Solo Soprano Saxophone, Solo Violin, Solo Violoncello, Violoncello"
14,3.0,14,3.25,M2,"Conga, Cowbell 1, Double Bass, Drum Set, Solo Soprano Saxophone, Solo Violin, Solo Violoncello, Violoncello"
14,3.5,14,3.75,M1,"Claves, Conga, Double Bass, Drum Set, Violoncello"
14,3.5,14,3.75,M2,"Claves, Conga, Double Bass, Drum Set, Violoncello"
14,3.75,14,4.0,M1,Solo Violin
14,3.75,14,4.0,M2,Solo Violin
14,4.0,14,4.25,M1,"Claves, Conga, Drum Set, Solo Violin"
14,4.0,14,4.25,M2,"Claves, Conga, Drum Set, Solo Violin"
14,4.25,14,4.5,M1,"Conga, Solo Violin"
14,4.25,14,4.5,M2,"Conga, Solo Violin"
14,4.5,14,4.75,M1,"Conga, Drum Set, Percussion, Solo Violin"
14,4.5,14,4.75,M2,"Conga, Drum Set, Percussion, Solo Violin"
14,4.75,15,1.0,M1,"Conga, Solo Violin"
14,4.75,15,1.0,M2,"Conga, Solo Violin"
15,1.0,15,1.25,M1,"Drum Set, Flute 1, Flute 2, Oboe, Percussion, Solo Soprano Saxophone, Solo Violin, Solo Violoncello, Viola, Violin I, Violin II, Violoncello"
15,1.0,15,1.25,M2,"Drum Set, Flute 1, Flute 2, Oboe, Percussion, Solo Soprano Saxophone, Solo Violin, Solo Violoncello, Viola, Violin I, Violin II, Violoncello"
15,1.0,15,1.25,M6,"Drum Set, Flute 1, Flute 2, Oboe, Percussion, Solo Soprano Saxophone, Solo Violin, Solo Violoncello, Viola, Violin I, Violin II, Violoncello"
15,1.5,15,1.75,M1,"Drum Set, Percussion, Solo Soprano Saxophone, Solo Violin, Solo Violoncello, Viola, Violin I, Violin II, Violoncello"
15,1.5,15,1.75,M2,"Drum Set, Percussion, Solo Soprano Saxophone, Solo Violin, Solo Violoncello, Viola, Violin I, Violin II, Violoncello"
15,1.5,15,1.75,M6,"Drum Set, Percussion, Solo Soprano Saxophone, Solo Violin, Solo Violoncello, Viola, Violin I, Violin II, Violoncello"
15,1.75,15,2.0,M1,"Flute 1, Flute 2, Oboe"
15,1.75,15,2.0,M2,"Flute 1, Flute 2, Oboe"
15,1.75,15,2.0,M6,"Flute 1, Flute 2, Oboe"
15,2.0,15,2.25,M1,"Drum Set, Flute 1, Flute 2, Oboe, Percussion"
15,2.0,15,2.25,M2,"Drum Set, Flute 1, Flute 2, Oboe, Percussion"
15,2.0,15,2.25,M6,"Drum Set, Flute 1, Flute 2, Oboe, Percussion"
15,2.25,15,2.5,M1,"Flute 1, Flute 2, Oboe"
15,2.25,15,2.5,M2,"Flute 1, Flute 2, Oboe"
15,2.25,15,2.5,M6,"Flute 1, Flute 2, Oboe"
15,2.5,15,2.75,M1,"Drum Set, Flute 1, Flute 2, Oboe, Percussion, Solo Soprano Saxophone, Solo Violin, Solo Violoncello, Viola, Violin I, Violin II, Violoncello"
15,2.5,15,2.75,M2,"Drum Set, Flute 1, Flute 2, Oboe, Percussion, Solo Soprano Saxophone, Solo Violin, Solo Violoncello, Viola, Violin I, Violin II, Violoncello"
15,2.5,15,2.75,M6,"Drum Set, Flute 1, Flute 2, Oboe, Percussion, Solo Soprano Saxophone, Solo Violin, Solo Violoncello, Viola, Violin I, Violin II, Violoncello"
15,2.75,15,3.0,M1,"Flute 1, Flute 2, Oboe"
15,2.75,15,3.0,M2,"Flute 1, Flute 2, Oboe"
15,2.75,15,3.0,M6,"Flute 1, Flute 2, Oboe"
15,3.0,15,3.25,M1,"Drum Set, Flute 1, Flute 2, Oboe, Percussion, Solo Soprano Saxophone, Solo Violin, Solo Violoncello, Viola, Violin I, Violin II, Violoncello"
15,3.0,15,3.25,M2,"Drum Set, Flute 1, Flute 2, Oboe, Percussion, Solo Soprano Saxophone, Solo Violin, Solo Violoncello, Viola, Violin I, Violin II, Violoncello"
15,3.0,15,3.25,M6,"Drum Set, Flute 1, Flute 2, Oboe, Percussion, Solo Soprano Saxophone, Solo Violin, Solo Violoncello, Viola, Violin I, Violin II, Violoncello"
15,3.5,15,3.75,M1,"Drum Set, Percussion, Solo Soprano Saxophone, Solo Violin, Solo Violoncello, Viola, Violin I, Violin II, Violoncello"
15,3.5,15,3.75,M2,"Drum Set, Percussion, Solo Soprano Saxophone, Solo Violin, Solo Violoncello, Viola, Violin I, Violin II, Violoncello"
15,3.5,15,3.75,M6,"Drum Set, Percussion, Solo Soprano Saxophone, Solo Violin, Solo Violoncello, Viola, Violin I, Violin II, Violoncello"
15,4.0,15,4.25,M1,"Drum Set, Percussion"
15,4.0,15,4.25,M2,"Drum Set, Percussion"
15,4.0,15,4.25,M6,"Drum Set, Percussion"
15,4.5,15,4.75,M1,"Drum Set, Flute 1, Flute 2, Oboe, Percussion"
15,4.5,15,4.75,M2,"Drum Set, Flute 1, Flute 2, Oboe, Percussion"
15,4.5,15,4.75,M6,"Drum Set, Flute 1, Flute 2, Oboe, Percussion"
16,1.0,16,1.25,M1,"Drum Set, Percussion, Solo Soprano Saxophone, Solo Violin, Solo Violoncello, Viola, Violin I, Violin II, Violoncello"
16,1.0,16,1.25,M2,"Drum Set, Percussion, Solo Soprano Saxophone, Solo Violin, Solo Violoncello, Viola, Violin I, Violin II, Violoncello"
16,1.0,18,1.0,M5,
16,1.0,16,1.25,M6,"Drum Set, Percussion, Solo Soprano Saxophone, Solo Violin, Solo Violoncello, Viola, Violin I, Violin II, Violoncello"
16,1.5,16,1.75,M1,"Claves, Drum Set, Trumpet (B Flat) (B Flat) (B Flat) 1, Trumpet (B Flat) (B Flat) (B Flat) 2"
16,1.5,16,1.75,M2,"Claves, Drum Set, Trumpet (B Flat) (B Flat) (B Flat) 1, Trumpet (B Flat) (B Flat) (B Flat) 2"
16,1.5,16,1.75,M6,"Claves, Drum Set, Trumpet (B Flat) (B Flat) (B Flat) 1, Trumpet (B Flat) (B Flat) (B Flat) 2"
16,1.75,16,2.0,M1,"Trumpet (B Flat) (B Flat) (B Flat) 1, Trumpet (B Flat) (B Flat) (B Flat) 2"
16,1.75,16,2.0,M2,"Trumpet (B Flat) (B Flat) (B Flat) 1, Trumpet (B Flat) (B Flat) (B Flat) 2"
16,1.75,16,2.0,M6,"Trumpet (B Flat) (B Flat) (B Flat) 1, Trumpet (B Flat) (B Flat) (B Flat) 2"
16,2.0,16,2.25,M1,"Claves, Drum Set, Trumpet (B Flat) (B Flat) (B Flat) 1, Trumpet (B Flat) (B Flat) (B Flat) 2"
16,2.0,16,2.25,M2,"Claves, Drum Set, Trumpet (B Flat) (B Flat) (B Flat) 1, Trumpet (B Flat) (B Flat) (B Flat) 2"
16,2.0,16,2.25,M6,"Claves, Drum Set, Trumpet (B Flat) (B Flat) (B Flat) 1, Trumpet (B Flat) (B Flat) (B Flat) 2"
16,2.5,16,2.75,M1,"Cowbell 1, Drum Set"
16,2.5,16,2.75,M2,"Cowbell 1, Drum Set"
16,2.5,16,2.75,M6,"Cowbell 1, Drum Set"
16,3.0,16,3.25,M1,"Cowbell 1, Drum Set"
16,3.0,16,3.25,M2,"Cowbell 1, Drum Set"
16,3.0,16,3.25,M6,"Cowbell 1, Drum Set"
16,3.5,16,3.75,M1,"Claves, Drum Set, Trumpet (B Flat) (B Flat) (B Flat) 1, Trumpet (B Flat) (B Flat) (B Flat) 2"
16,3.5,16,3.75,M2,"Claves, Drum Set, Trumpet (B Flat) (B Flat) (B Flat) 1, Trumpet (B Flat) (B Flat) (B Flat) 2"
16,3.5,16,3.75,M6,"Claves, Drum Set, Trumpet (B Flat) (B Flat) (B Flat) 1, Trumpet (B Flat) (B Flat) (B Flat) 2"
16,4.0,16,4.25,M1,"Claves, Drum Set"
16,4.0,16,4.25,M2,"Claves, Drum Set"
16,4.0,16,4.25,M6,"Claves, Drum Set"
16,4.5,16,4.75,M1,"Drum Set, Percussion, Trumpet (B Flat) (B Flat) (B Flat) 1, Trumpet (B Flat) (B Flat) (B Flat) 2"
16,4.5,16,4.75,M2,"Drum Set, Percussion, Trumpet (B Flat) (B Flat) (B Flat) 1, Trumpet (B Flat) (B Flat) (B Flat) 2"
16,4.5,16,4.75,M6,"Drum Set, Percussion, Trumpet (B Flat) (B Flat) (B Flat) 1, Trumpet (B Flat) (B Flat) (B Flat) 2"
17,1.0,17,1.25,M1,"Drum Set, Percussion, Solo Soprano Saxophone, Solo Violin, Solo Violoncello, Trumpet (B Flat) (B Flat) (B Flat) 1, Trumpet (B Flat) (B Flat) (B Flat) 2, Viola, Violin I"
17,1.0,17,1.25,M2,"Drum Set, Percussion, Solo Soprano Saxophone, Solo Violin, Solo Violoncello, Trumpet (B Flat) (B Flat) (B Flat) 1, Trumpet (B Flat) (B Flat) (B Flat) 2, Viola, Violin I"
17,1.0,17,1.25,M6,"Drum Set, Percussion, Solo Soprano Saxophone, Solo Violin, Solo Violoncello, Trumpet (B Flat) (B Flat) (B Flat) 1, Trumpet (B Flat) (B Flat) (B Flat) 2, Viola, Violin I"
17,1.5,17,1.75,M1,"Drum Set, Percussion"
17,1.5,17,1.75,M2,"Drum Set, Percussion"
17,1.5,17,1.75,M6,"Drum Set, Percussion"
17,2.0,17,2.25,M1,"Drum Set, Percussion"
17,2.0,17,2.25,M2,"Drum Set, Percussion"
17,2.0,17,2.25,M6,"Drum Set, Percussion"
17,2.5,17,2.75,M1,"Drum Set, Percussion"
17,2.5,17,2.75,M2,"Drum Set, Percussion"
17,2.5,17,2.75,M6,"Drum Set, Percussion"
17,3.0,17,3.25,M1,"Drum Set, Percussion"
17,3.0,17,3.25,M2,"Drum Set, Percussion"
17,3.0,17,3.25,M6,"Drum Set, Percussion"
17,3.5,17,3.75,M1,"Drum Set, Percussion"
17,3.5,17,3.75,M2,"Drum Set, Percussion"
17,3.5,17,3.75,M6,"Drum Set, Percussion"
17,4.0,17,4.25,M1,"Drum Set, Percussion"
17,4.0,17,4.25,M2,"Drum Set, Percussion"
17,4.0,17,4.25,M6,"Drum Set, Percussion"
17,4.5,17,4.75,M1,"Drum Set, Percussion"
17,4.5,17,4.75,M2,"Drum Set, Percussion"
17,4.5,17,4.75,M6,"Drum Set, Percussion"
18,1.0,18,1.25,M7,"Double Bass, Percussion"
18,1.5,18,1.75,M7,Double Bass
18,2.0,18,2.25,M7,Double Bass
18,2.5,18,2.75,M7,Double Bass
18,3.0,18,3.25,M7,Double Bass
18,3.5,18,3.75,M7,Double Bass
18,4.0,18,4.25,M7,Double Bass
18,4.5,18,4.75,M7,"Double Bass, Percussion"
19,1.0,19,1.25,M7,"Double Bass, Percussion"
19,1.5,19,1.75,M7,"Claves, Double Bass, Percussion"
19,2.0,19,2.25,M7,"Claves, Double Bass, Percussion"
19,2.5,19,2.75,M7,"Cowbell 1, Double Bass, Percussion"
19,3.0,19,3.25,M7,"Cowbell 1, Double Bass, Percussion"
19,3.5,19,3.75,M7,"Claves, Double Bass, Percussion"
19,4.0,19,4.25,M7,"Claves, Double Bass, Percussion"
19,4.5,19,4.75,M7,"Double Bass, Percussion"
20,1.0,24,1.0,M5,
20,1.0,20,1.25,M6,"Conga, Double Bass, Violoncello"
20,1.0,20,1.25,M7,"Conga, Double Bass, Violoncello"
20,1.25,20,1.5,M6,"Conga, Violoncello"
20,1.25,20,1.5,M7,"Conga, Violoncello"
20,1.5,20,1.75,M6,"Conga, Double Bass, Solo Soprano Saxophone, Violoncello"
20,1.5,20,1.75,M7,"Conga, Double Bass, Solo Soprano Saxophone, Violoncello"
20,2.0,20,2.25,M6,"Conga, Double Bass, Violoncello"
20,2.0,20,2.25,M7,"Conga, Double Bass, Violoncello"
20,2.25,20,2.5,M6,"Conga, Violoncello"
20,2.25,20,2.5,M7,"Conga, Violoncello"
20,2.5,20,2.75,M6,"Conga, Double Bass, Solo Soprano Saxophone, Violoncello"
20,2.5,20,2.75,M7,"Conga, Double Bass, Solo Soprano Saxophone, Violoncello"
20,3.0,20,3.25,M6,"Conga, Double Bass, Violoncello"
20,3.0,20,3.25,M7,"Conga, Double Bass, Violoncello"
20,3.25,20,3.5,M6,"Conga, Violoncello"
20,3.25,20,3.5,M7,"Conga, Violoncello"
20,3.5,20,3.75,M6,"Conga, Double Bass, Solo Violin, Violoncello"
20,3.5,20,3.75,M7,"Conga, Double Bass, Solo Violin, Violoncello"
20,3.75,20,4.0,M6,"Conga, Solo Violin, Violoncello"
20,3.75,20,4.0,M7,"Conga, Solo Violin, Violoncello"
20,4.0,20,4.25,M6,"Conga, Double Bass, Solo Violin, Violoncello"
20,4.0,20,4.25,M7,"Conga, Double Bass, Solo Violin, Violoncello"
20,4.5,20,4.75,M6,"Conga, Double Bass, Solo Soprano Saxophone, Solo Violin, Solo Violoncello, Violoncello"
20,4.5,20,4.75,M7,"Conga, Double Bass, Solo Soprano Saxophone, Solo Violin, Solo Violoncello, Violoncello"
20,4.75,21,1.0,M6,"Solo Violin, Solo Violoncello"
20,4.75,21,1.0,M7,"Solo Violin, Solo Violoncello"
21,1.0,21,1.25,M6,"Conga, Double Bass, Solo Violin, Solo Violoncello, Violoncello"
21,1.0,21,1.25,M7,"Conga, Double Bass, Solo Violin, Solo Violoncello, Violoncello"
21,1.5,21,1.75,M6,"Conga, Double Bass, Violoncello"
21,1.5,21,1.75,M7,"Conga, Double Bass, Violoncello"
21,1.75,21,2.0,M6,"Conga, Violoncello"
21,1.75,21,2.0,M7,"Conga, Violoncello"
21,2.0,21,2.25,M6,"Conga, Double Bass, Violoncello"
21,2.0,21,2.25,M7,"Conga, Double Bass, Violoncello"
21,2.5,21,2.75,M6,"Conga, Double Bass, Solo Soprano Saxophone, Violoncello"
21,2.5,21,2.75,M7,"Conga, Double Bass, Solo Soprano Saxophone, Violoncello"
21,2.75,21,3.0,M6,"Conga, Violoncello"
21,2.75,21,3.0,M7,"Conga, Violoncello"
21,3.0,21,3.25,M6,"Conga, Double Bass, Violoncello"
21,3.0,21,3.25,M7,"Conga, Double Bass, Violoncello"
21,3.5,21,3.75,M6,"Conga, Double Bass, Violoncello"
21,3.5,21,3.75,M7,"Conga, Double Bass, Violoncello"
21,4.0,21,4.25,M6,"Conga, Double Bass, Violoncello"
21,4.0,21,4.25,M7,"Conga, Double Bass, Violoncello"
21,4.25,21,4.5,M6,"Conga, Violoncello"
21,4.25,21,4.5,M7,"Conga, Violoncello"
21,4.5,21,4.75,M6,"Conga, Double Bass, Violoncello"
21,4.5,21,4.75,M7,"Conga, Double Bass, Violoncello"
21,4.75,22,1.0,M6,"Conga, Violoncello"
21,4.75,22,1.0,M7,"Conga, Violoncello"
22,1.0,31,1.0,M4,
22,1.0,22,1.25,M7,"Castanets, Double Bass, Solo Violin, Viola, Violin I, Violin II"
22,1.25,22,1.5,M7,"Castanets, Viola, Violin I, Violin II"
22,1.5,22,1.75,M7,"Castanets, Double Bass, Viola, Violin I, Violin II"
22,1.75,22,2.0,M7,"Castanets, Solo Violin, Viola, Violin I, Violin II"
22,2.0,22,2.25,M7,"Castanets, Double Bass, Solo Violin, Viola, Violin I, Violin II"
22,2.25,22,2.5,M7,"Castanets, Solo Violin, Viola, Violin I, Violin II"
22,2.5,22,2.75,M7,"Castanets, Double Bass, Solo Violin, Viola, Violin I, Violin II"
22,2.75,22,3.0,M7,"Castanets, Solo Violin, Viola, Violin I, Violin II"
22,3.0,22,3.25,M7,"Castanets, Double Bass, Solo Violin, Viola, Violin I, Violin II"
22,3.25,22,3.5,M7,"Castanets, Viola, Violin I, Violin II"
22,3.5,22,3.75,M7,"Castanets, Double Bass, Solo Soprano Saxophone, Viola, Violin I, Violin II"
22,3.75,22,4.0,M7,"Castanets, Solo Soprano Saxophone, Viola, Violin I, Violin II"
22,4.0,22,4.25,M7,"Castanets, Double Bass, Solo Soprano Saxophone, Viola, Violin I, Violin II"
22,4.25,22,4.5,M7,"Castanets, Viola, Violin I, Violin II"
22,4.5,22,4.75,M7,"Castanets, Double Bass, Solo Soprano Saxophone, Solo Violin, Solo Violoncello, Viola, Violin I, Violin II"
22,4.75,23,1.0,M7,"Castanets, Solo Soprano Saxophone, Solo Violoncello, Viola, Violin I, Violin II"
23,1.0,23,1.25,M7,"Castanets, Double Bass, Solo Soprano Saxophone, Solo Violin, Solo Violoncello, Viola, Violin I, Violin II"
23,1.25,23,1.5,M7,"Castanets, Viola, Violin I, Violin II"
23,1.5,23,1.75,M7,"Castanets, Double Bass, Viola, Violin I, Violin II"
23,1.75,23,2.0,M7,"Castanets, Viola, Violin I, Violin II"
23,2.0,23,2.25,M7,"Castanets, Double Bass, Viola, Violin I, Violin II"
23,2.25,23,2.5,M7,"Castanets, Viola, Violin I, Violin II"
23,2.5,23,2.75,M7,"Castanets, Double Bass, Solo Soprano Saxophone, Solo Violin, Solo Violoncello, Viola, Violin I, Violin II"
23,2.75,23,3.0,M7,"Castanets, Viola, Violin I, Violin II"
23,3.0,23,3.25,M7,"Castanets, Double Bass, Viola, Violin I, Violin II"
23,3.25,23,3.5,M7,"Castanets, Viola, Violin I, Violin II"
23,3.5,23,3.75,M7,"Castanets, Double Bass, Viola, Violin I, Violin II"
23,3.75,23,4.0,M7,"Castanets, Viola, Violin I, Violin II"
23,4.0,23,4.25,M7,"Castanets, Double Bass, Viola, Violin I, Violin II"
23,4.25,23,4.5,M7,Castanets
23,4.5,23,4.75,M7,"Castanets, Double Bass"
23,4.75,24,1.0,M7,Castanets
24,1.0,24,1.25,M1,"Double Bass, Drum Set, Percussion, Solo Soprano Saxophone, Solo Violin, Solo Violoncello, Viola, Violin I, Violin II, Violoncello"
24,1.0,24,1.25,M6,"Double Bass, Drum Set, Percussion, Solo Soprano Saxophone, Solo Violin, Solo Violoncello, Viola, Violin I, Violin II, Violoncello"
24,1.0,24,1.25,M7,"Double Bass, Drum Set, Percussion, Solo Soprano Saxophone, Solo Violin, Solo Violoncello, Viola, Violin I, Violin II, Violoncello"
24,1.5,24,1.75,M1,"Bassoon, Clarinet (B Flat) (B Flat) (B Flat) 1, Clarinet (B Flat) (B Flat) (B Flat) 2, Double Bass, Drum Set, Flute 1, Flute 2, Oboe, Percussion, Solo Soprano Saxophone, Solo Violin, Solo Violoncello, Trumpet (B Flat) (B Flat) (B Flat) 1, Trumpet (B Flat) (B Flat) (B Flat) 2, Viola, Violin I, Violin II, Violoncello"
24,1.5,24,1.75,M6,"Bassoon, Clarinet (B Flat) (B Flat) (B Flat) 1, Clarinet (B Flat) (B Flat) (B Flat) 2, Double Bass, Drum Set, Flute 1, Flute 2, Oboe, Percussion, Solo Soprano Saxophone, Solo Violin, Solo Violoncello, Trumpet (B Flat) (B Flat) (B Flat) 1, Trumpet (B Flat) (B Flat) (B Flat) 2, Viola, Violin I, Violin II, Violoncello"
24,1.5,24,1.75,M7,"Bassoon, Clarinet (B Flat) (B Flat) (B Flat) 1, Clarinet (B Flat) (B Flat) (B Flat) 2, Double Bass, Drum Set, Flute 1, Flute 2, Oboe, Percussion, Solo Soprano Saxophone, Solo Violin, Solo Violoncello, Trumpet (B Flat) (B Flat) (B Flat) 1, Trumpet (B Flat) (B Flat) (B Flat) 2, Viola, Violin I, Violin II, Violoncello"
24,2.0,24,2.25,M1,"Bassoon, Clarinet (B Flat) (B Flat) (B Flat) 1, Clarinet (B Flat) (B Flat) (B Flat) 2, Double Bass, Drum Set, Flute 1, Flute 2, Oboe, Percussion, Trumpet (B Flat) (B Flat) (B Flat) 1, Trumpet (B Flat) (B Flat) (B Flat) 2"
24,2.0,24,2.25,M6,"Bassoon, Clarinet (B Flat) (B Flat) (B Flat) 1, Clarinet (B Flat) (B Flat) (B Flat) 2, Double Bass, Drum Set, Flute 1, Flute 2, Oboe, Percussion, Trumpet (B Flat) (B Flat) (B Flat) 1, Trumpet (B Flat) (B Flat) (B Flat) 2"
24,2.0,24,2.25,M7,"Bassoon, Clarinet (B Flat) (B Flat) (B Flat) 1, Clarinet (B Flat) (B Flat) (B Flat) 2, Double Bass, Drum Set, Flute 1, Flute 2, Oboe, Percussion, Trumpet (B Flat) (B Flat) (B Flat) 1, Trumpet (B Flat) (B Flat) (B Flat) 2"
24,2.5,24,2.75,M1,"Double Bass, Drum Set, Percussion, Solo Soprano Saxophone, Solo Violin, Solo Violoncello, Viola, Violin I, Violin II, Violoncello"
24,2.5,24,2.75,M6,"Double Bass, Drum Set, Percussion, Solo Soprano Saxophone, Solo Violin, Solo Violoncello, Viola, Violin I, Violin II, Violoncello"
24,2.5,24,2.75,M7,"Double Bass, Drum Set, Percussion, Solo Soprano Saxophone, Solo Violin, Solo Violoncello, Viola, Violin I, Violin II, Violoncello"
24,3.0,24,3.25,M1,"Double Bass, Drum Set, Percussion, Solo Soprano Saxophone, Solo Violin, Solo Violoncello, Viola, Violin I, Violin II, Violoncello"
24,3.0,24,3.25,M6,"Double Bass, Drum Set, Percussion, Solo Soprano Saxophone, Solo Violin, Solo Violoncello, Viola, Violin I, Violin II, Violoncello"
24,3.0,24,3.25,M7,"Double Bass, Drum Set, Percussion, Solo Soprano Saxophone, Solo Violin, Solo Violoncello, Viola, Violin I, Violin II, Violoncello"
24,3.5,24,3.75,M1,"Bassoon, Clarinet (B Flat) (B Flat) (B Flat) 1, Clarinet (B Flat) (B Flat) (B Flat) 2, Double Bass, Drum Set, Flute 1, Flute 2, Oboe, Percussion, Solo Soprano Saxophone, Solo Violin, Solo Violoncello, Trumpet (B Flat) (B Flat) (B Flat) 1, Trumpet (B Flat) (B Flat) (B Flat) 2, Viola, Violin I, Violin II, Violoncello"
24,3.5,24,3.75,M6,"Bassoon, Clarinet (B Flat) (B Flat) (B Flat) 1, Clarinet (B Flat) (B Flat) (B Flat) 2, Double Bass, Drum Set, Flute 1, Flute 2, Oboe, Percussion, Solo Soprano Saxophone, Solo Violin, Solo Violoncello, Trumpet (B Flat) (B Flat) (B Flat) 1, Trumpet (B Flat) (B Flat) (B Flat) 2, Viola, Violin I, Violin II, Violoncello"
24,3.5,24,3.75,M7,"Bassoon, Clarinet (B Flat) (B Flat) (B Flat) 1, Clarinet (B Flat) (B Flat) (B Flat) 2, Double Bass, Drum Set, Flute 1, Flute 2, Oboe, Percussion, Solo Soprano Saxophone, Solo Violin, Solo Violoncello, Trumpet (B Flat) (B Flat) (B Flat) 1, Trumpet (B Flat) (B Flat) (B Flat) 2, Viola, Violin I, Violin II, Violoncello"
24,4.0,24,4.25,M1,"Bassoon, Clarinet (B Flat) (B Flat) (B Flat) 1, Clarinet (B Flat) (B Flat) (B Flat) 2, Double Bass, Drum Set, Flute 1, Flute 2, Oboe, Percussion, Trumpet (B Flat) (B Flat) (B Flat) 1, Trumpet (B Flat) (B Flat) (B Flat) 2"
24,4.0,24,4.25,M6,"Bassoon, Clarinet (B Flat) (B Flat) (B Flat) 1, Clarinet (B Flat) (B Flat) (B Flat) 2, Double Bass, Drum Set, Flute 1, Flute 2, Oboe, Percussion, Trumpet (B Flat) (B Flat) (B Flat) 1, Trumpet (B Flat) (B Flat) (B Flat) 2"
24,4.0,24,4.25,M7,"Bassoon, Clarinet (B Flat) (B Flat) (B Flat) 1, Clarinet (B Flat) (B Flat) (B Flat) 2, Double Bass, Drum Set, Flute 1, Flute 2, Oboe, Percussion, Trumpet (B Flat) (B Flat) (B Flat) 1, Trumpet (B Flat) (B Flat) (B Flat) 2"
24,4.5,24,4.75,M1,"Double Bass, Drum Set, Percussion"
24,4.5,24,4.75,M6,"Double Bass, Drum Set, Percussion"
24,4.5,24,4.75,M7,"Double Bass, Drum Set, Percussion"
25,1.0,25,1.25,M1,"Double Bass, Drum Set, Percussion, Solo Violin, Solo Violoncello, Violin I, Violin II, Violoncello"
25,1.0,26,1.0,M5,
25,1.0,25,1.25,M7,"Double Bass, Drum Set, Percussion, Solo Violin, Solo Violoncello, Violin I, Violin II, Violoncello"
25,1.5,25,1.75,M1,"Claves, Double Bass, Drum Set, Solo Soprano Saxophone"
25,1.5,25,1.75,M7,"Claves, Double Bass, Drum Set, Solo Soprano Saxophone"
25,1.75,25,2.0,M1,Solo Soprano Saxophone
25,1.75,25,2.0,M7,Solo Soprano Saxophone
25,2.0,25,2.25,M1,"Claves, Double Bass, Drum Set, Solo Soprano Saxophone"
25,2.0,25,2.25,M7,"Claves, Double Bass, Drum Set, Solo Soprano Saxophone"
25,2.5,25,2.75,M1,"Cowbell 1, Double Bass, Drum Set, Solo Soprano Saxophone"
25,2.5,25,2.75,M7,"Cowbell 1, Double Bass, Drum Set, Solo Soprano Saxophone"
25,2.75,25,3.0,M1,Solo Soprano Saxophone
25,2.75,25,3.0,M7,Solo Soprano Saxophone
25,3.0,25,3.25,M1,"Cowbell 1, Double Bass, Drum Set, Solo Soprano Saxophone"
25,3.0,25,3.25,M7,"Cowbell 1, Double Bass, Drum Set, Solo Soprano Saxophone"
25,3.5,25,3.75,M1,"Claves, Double Bass, Drum Set"
25,3.5,25,3.75,M7,"Claves, Double Bass, Drum Set"
25,4.0,25,4.25,M1,"Claves, Double Bass, Drum Set"
25,4.0,25,4.25,M7,"Claves, Double Bass, Drum Set"
25,4.5,25,4.75,M1,"Double Bass, Drum Set, Percussion"
25,4.5,25,4.75,M7,"Double Bass, Drum Set, Percussion"
26,1.0,26,1.25,M6,"Solo Soprano Saxophone, Solo Violin, Solo Violoncello"
26,1.5,26,1.75,M6,"Solo Soprano Saxophone, Solo Violin, Solo Violoncello"
26,2.5,26,2.75,M6,"Solo Soprano Saxophone, Solo Violin, Solo Violoncello"
26,3.0,26,3.25,M6,"Solo Soprano Saxophone, Solo Violin, Solo Violoncello"
26,3.5,26,3.75,M6,"Solo Soprano Saxophone, Solo Violin, Solo Violoncello"
27,1.0,27,1.25,M6,"Solo Soprano Saxophone, Solo Violin, Solo Violoncello, Violoncello"
27,1.5,27,1.75,M6,Violoncello
27,2.0,27,2.25,M6,Violoncello
27,2.5,27,2.75,M6,"Solo Soprano Saxophone, Solo Violin, Solo Violoncello, Violoncello"
27,3.0,27,3.25,M6,"Solo Soprano Saxophone, Solo Violin, Solo Violoncello, Violoncello"
27,3.5,27,3.75,M6,Violoncello
27,4.0,27,4.25,M6,Violoncello
27,4.5,27,4.75,M6,Violoncello
28,1.0,28,1.25,M6,"Claves, Solo Soprano Saxophone, Solo Violin, Solo Violoncello, Violoncello"
28,1.5,28,1.75,M6,"Cowbell 1, Solo Soprano Saxophone, Solo Violin, Solo Violoncello"
28,2.0,28,2.25,M6,"Cowbell 1, Violoncello"
28,2.5,28,2.75,M6,"Claves, Solo Soprano Saxophone, Solo Violin, Solo Violoncello"
28,3.0,28,3.25,M6,"Claves, Solo Soprano Saxophone, Solo Violin, Solo Violoncello, Violoncello"
28,3.5,28,3.75,M6,"Cowbell 1, Solo Soprano Saxophone, Solo Violin, Solo Violoncello"
28,4.0,28,4.25,M6,"Cowbell 1, Violoncello"
28,4.5,28,4.75,M6,Claves
29,1.0,29,1.25,M6,"Claves, Solo Soprano Saxophone, Solo Violin, Solo Violoncello, Violoncello"
29,2.5,29,2.75,M6,Claves
29,3.0,29,3.25,M6,"Claves, Violoncello"
29,4.0,29,4.25,M6,Solo Soprano Saxophone
29,4.5,29,4.75,M6,Claves
30,1.0,30,1.25,M6,"Cowbell 1, Solo Soprano Saxophone, Violoncello"
30,1.5,30,1.75,M6,Solo Soprano Saxophone
30,2.5,30,2.75,M6,Solo Soprano Saxophone
30,3.0,30,3.25,M6,Solo Soprano Saxophone
30,3.5,30,3.75,M6,Solo Violin
30,4.0,30,4.25,M6,Solo Violin
30,4.5,30,4.75,M6,Solo Violin
31,1.0,36,1.0,M5,
31,1.0,31,1.25,M6,"Solo Soprano Saxophone, Solo Violin, Solo Violoncello, Viola, Violin I, Violin II, Violoncello"
31,1.0,31,1.25,M9,"Solo Soprano Saxophone, Solo Violin, Solo Violoncello, Viola, Violin I, Violin II, Violoncello"
31,1.5,31,1.75,M6,"Solo Violin, Viola, Violin I, Violin II"
31,1.5,31,1.75,M9,"Solo Violin, Viola, Violin I, Violin II"
31,1.75,31,2.0,M6,Solo Violin
31,1.75,31,2.0,M9,Solo Violin
31,2.0,31,2.25,M6,"Solo Violin, Solo Violoncello, Violoncello"
31,2.0,31,2.25,M9,"Solo Violin, Solo Violoncello, Violoncello"
31,2.5,31,2.75,M6,"Solo Violin, Viola, Violin I, Violin II"
31,2.5,31,2.75,M9,"Solo Violin, Viola, Violin I, Violin II"
31,2.75,31,3.0,M6,Solo Violin
31,2.75,31,3.0,M9,Solo Violin
31,3.0,31,3.25,M6,"Solo Violin, Solo Violoncello, Viola, Violin I, Violin II, Violoncello"
31,3.0,31,3.25,M9,"Solo Violin, Solo Violoncello, Viola, Violin I, Violin II, Violoncello"
31,3.5,31,3.75,M6,"Solo Violin, Viola, Violin I, Violin II"
31,3.5,31,3.75,M9,"Solo Violin, Viola, Violin I, Violin II"
31,3.75,31,4.0,M6,Solo Violin
31,3.75,31,4.0,M9,Solo Violin
31,4.0,31,4.25,M6,"Solo Soprano Saxophone, Solo Violin, Solo Violoncello, Violoncello"
31,4.0,31,4.25,M9,"Solo Soprano Saxophone, Solo Violin, Solo Violoncello, Violoncello"
31,4.5,31,4.75,M6,"Solo Violin, Viola, Violin I, Violin II"
31,4.5,31,4.75,M9,"Solo Violin, Viola, Violin I, Violin II"
31,4.75,32,1.0,M6,Solo Violin
31,4.75,32,1.0,M9,Solo Violin
32,1.0,32,1.25,M6,"Solo Soprano Saxophone, Solo Violin, Solo Violoncello, Viola, Violin I, Violin II, Violoncello"
32,1.0,32,1.25,M9,"Solo Soprano Saxophone, Solo Violin, Solo Violoncello, Viola, Violin I, Violin II, Violoncello"
32,1.5,32,1.75,M6,"Solo Violin, Viola, Violin I, Violin II"
32,1.5,32,1.75,M9,"Solo Violin, Viola, Violin I, Violin II"
32,1.75,32,2.0,M6,Solo Violin
32,1.75,32,2.0,M9,Solo Violin
32,2.0,32,2.25,M6,"Solo Violin, Solo Violoncello, Violoncello"
32,2.0,32,2.25,M9,"Solo Violin, Solo Violoncello, Violoncello"
32,2.5,32,2.75,M6,"Solo Violin, Viola, Violin I, Violin II"
32,2.5,32,2.75,M9,"Solo Violin, Viola, Violin I, Violin II"
32,2.75,32,3.0,M6,Solo Violin
32,2.75,32,3.0,M9,Solo Violin
32,3.0,32,3.25,M6,"Solo Violin, Solo Violoncello, Viola, Violin I, Violin II, Violoncello"
32,3.0,32,3.25,M9,"Solo Violin, Solo Violoncello, Viola, Violin I, Violin II, Violoncello"
32,3.5,32,3.75,M6,"Solo Violin, Viola, Violin I, Violin II"
32,3.5,32,3.75,M9,"Solo Violin, Viola, Violin I, Violin II"
32,3.75,32,4.0,M6,Solo Violin
32,3.75,32,4.0,M9,Solo Violin
32,4.0,32,4.25,M6,"Solo Soprano Saxophone, Solo Violin, Solo Violoncello, Violoncello"
32,4.0,32,4.25,M9,"Solo Soprano Saxophone, Solo Violin, Solo Violoncello, Violoncello"
32,4.5,32,4.75,M6,"Solo Violin, Viola, Violin I, Violin II"
32,4.5,32,4.75,M9,"Solo Violin, Viola, Violin I, Violin II"
32,4.75,33,1.0,M6,Solo Violin
32,4.75,33,1.0,M9,Solo Violin
33,1.0,33,1.25,M6,"Solo Soprano Saxophone, Solo Violin, Solo Violoncello, Viola, Violin I, Violin II, Violoncello"
33,1.0,33,1.25,M9,"Solo Soprano Saxophone, Solo Violin, Solo Violoncello, Viola, Violin I, Violin II, Violoncello"
33,1.5,33,1.75,M6,"Solo Violin, Viola, Violin I, Violin II"
33,1.5,33,1.75,M9,"Solo Violin, Viola, Violin I, Violin II"
33,1.75,33,2.0,M6,Solo Violin
33,1.75,33,2.0,M9,Solo Violin
33,2.0,33,2.25,M6,"Solo Violin, Solo Violoncello, Violoncello"
33,2.0,33,2.25,M9,"Solo Violin, Solo Violoncello, Violoncello"
33,2.5,33,2.75,M6,"Solo Violin, Viola, Violin I, Violin II"
33,2.5,33,2.75,M9,"Solo Violin, Viola, Violin I, Violin II"
33,2.75,33,3.0,M6,Solo Violin
33,2.75,33,3.0,M9,Solo Violin
33,3.0,33,3.25,M6,"Solo Violin, Solo Violoncello, Viola, Violin I, Violin II, Violoncello"
33,3.0,33,3.25,M9,"Solo Violin, Solo Violoncello, Viola, Violin I, Violin II, Violoncello"
33,3.5,33,3.75,M6,"Solo Violin, Viola, Violin I, Violin II"
33,3.5,33,3.75,M9,"Solo Violin, Viola, Violin I, Violin II"
33,3.75,33,4.0,M6,Solo Violin
33,3.75,33,4.0,M9,Solo Violin
33,4.0,33,4.25,M6,"Solo Soprano Saxophone, Solo Violin, Solo Violoncello, Violoncello"
33,4.0,33,4.25,M9,"Solo Soprano Saxophone, Solo Violin, Solo Violoncello, Violoncello"
33,4.5,33,4.75,M6,"Solo Violin, Viola, Violin I, Violin II"
33,4.5,33,4.75,M9,"Solo Violin, Viola, Violin I, Violin II"
33,4.75,34,1.0,M6,Solo Violin
33,4.75,34,1.0,M9,Solo Violin
34,1.0,36,1.0,M4,
34,1.0,34,1.25,M6,"Solo Soprano Saxophone, Solo Violin, Solo Violoncello, Viola, Violin I, Violin II, Violoncello"
34,1.0,34,1.25,M9,"Solo Soprano Saxophone, Solo Violin, Solo Violoncello, Viola, Violin I, Violin II, Violoncello"
34,1.25,34,1.5,M6,"Solo Soprano Saxophone, Solo Violin"
34,1.25,34,1.5,M9,"Solo Soprano Saxophone, Solo Violin"
34,1.5,34,1.75,M6,"Solo Soprano Saxophone, Solo Violin, Viola, Violin I, Violin II"
34,1.5,34,1.75,M9,"Solo Soprano Saxophone, Solo Violin, Viola, Violin I, Violin II"
34,1.75,34,2.0,M6,"Solo Soprano Saxophone, Solo Violin"
34,1.75,34,2.0,M9,"Solo Soprano Saxophone, Solo Violin"
34,2.0,34,2.25,M6,"Solo Soprano Saxophone, Solo Violin, Solo Violoncello, Violoncello"
34,2.0,34,2.25,M9,"Solo Soprano Saxophone, Solo Violin, Solo Violoncello, Violoncello"
34,2.25,34,2.5,M6,"Solo Soprano Saxophone, Solo Violin"
34,2.25,34,2.5,M9,"Solo Soprano Saxophone, Solo Violin"
34,2.5,34,2.75,M6,"Solo Soprano Saxophone, Solo Violin, Viola, Violin I, Violin II"
34,2.5,34,2.75,M9,"Solo Soprano Saxophone, Solo Violin, Viola, Violin I, Violin II"
34,2.75,34,3.0,M6,"Solo Soprano Saxophone, Solo Violin"
34,2.75,34,3.0,M9,"Solo Soprano Saxophone, Solo Violin"
34,3.0,34,3.25,M6,"Solo Soprano Saxophone, Solo Violin, Solo Violoncello, Viola, Violin I, Violin II, Violoncello"
34,3.0,34,3.25,M9,"Solo Soprano Saxophone, Solo Violin, Solo Violoncello, Viola, Violin I, Violin II, Violoncello"
34,3.5,34,3.75,M6,"Solo Soprano Saxophone, Solo Violin, Viola, Violin I, Violin II"
34,3.5,34,3.75,M9,"Solo Soprano Saxophone, Solo Violin, Viola, Violin I, Violin II"
34,4.0,34,4.25,M6,"Solo Violoncello, Violoncello"
34,4.0,34,4.25,M9,"Solo Violoncello, Violoncello"
34,4.5,34,4.75,M6,"Solo Soprano Saxophone, Solo Violin, Viola, Violin I, Violin II"
34,4.5,34,4.75,M9,"Solo Soprano Saxophone, Solo Violin, Viola, Violin I, Violin II"
34,4.75,35,1.0,M6,"Solo Soprano Saxophone, Solo Violin"
34,4.75,35,1.0,M9,"Solo Soprano Saxophone, Solo Violin"
35,1.0,35,1.25,M6,"Solo Soprano Saxophone, Solo Violin, Solo Violoncello, Viola, Violin I, Violin II, Violoncello"
35,1.0,35,1.25,M9,"Solo Soprano Saxophone, Solo Violin, Solo Violoncello, Viola, Violin I, Violin II, Violoncello"
35,1.5,35,1.75,M6,"Viola, Violin I, Violin II"
35,1.5,35,1.75,M9,"Viola, Violin I, Violin II"
35,2.0,35,2.25,M6,"Solo Violoncello, Violoncello"
35,2.0,35,2.25,M9,"Solo Violoncello, Violoncello"
35,2.5,35,2.75,M6,"Viola, Violin I, Violin II"
35,2.5,35,2.75,M9,"Viola, Violin I, Violin II"
35,3.0,35,3.25,M6,"Solo Violoncello, Viola, Violin I, Violin II, Violoncello"
35,3.0,35,3.25,M9,"Solo Violoncello, Viola, Violin I, Violin II, Violoncello"
35,4.0,35,4.25,M6,"Solo Violoncello, Violoncello"
35,4.0,35,4.25,M9,"Solo Violoncello, Violoncello"
36,1.0,45,1.0,M10,
36,1.0,36,1.25,M9,Violoncello
36,2.0,36,2.25,M9,Violoncello
36,3.0,36,3.25,M9,Violoncello
36,4.0,36,4.25,M9,Violoncello
37,1.0,37,1.25,M9,Violoncello
37,2.0,37,2.25,M9,Violoncello
37,3.0,37,3.25,M9,Violoncello
37,4.0,37,4.25,M9,Violoncello
38,1.0,38,1.25,M9,Violoncello
38,2.0,38,2.25,M9,Violoncello
38,3.0,38,3.25,M9,Violoncello
38,4.0,38,4.25,M9,Violoncello
39,1.0,39,1.25,M9,Violoncello
39,2.0,39,2.25,M9,Violoncello
39,3.0,39,3.25,M9,Violoncello
39,4.0,39,4.25,M9,Violoncello
40,1.0,40,1.25,M9,Violoncello
40,2.0,40,2.25,M9,Violoncello
40,3.0,40,3.25,M9,Violoncello
40,4.0,40,4.25,M9,Violoncello
41,1.0,41,1.25,M9,Violoncello
41,2.0,41,2.25,M9,Violoncello
41,3.0,41,3.25,M9,Violoncello
41,4.0,41,4.25,M9,Violoncello
42,1.0,42,1.25,M9,Violoncello
42,2.0,42,2.25,M9,Violoncello
42,3.0,42,3.25,M9,Violoncello
42,4.0,42,4.25,M9,Violoncello
43,1.0,43,1.25,M9,Violoncello
43,2.0,43,2.25,M9,Violoncello
43,3.0,43,3.25,M9,Violoncello
43,4.0,43,4.25,M9,Violoncello
44,1.0,61,1.0,M11,
44,1.0,44,1.25,M6,"Double Bass, Violoncello"
44,1.0,44,1.25,M7,"Double Bass, Violoncello"
44,1.5,44,1.75,M6,"Double Bass, Solo Alto Saxophone, Viola, Violin I, Violin II, Violoncello"
44,1.5,44,1.75,M7,"Double Bass, Solo Alto Saxophone, Viola, Violin I, Violin II, Violoncello"
44,2.0,44,2.25,M6,"Double Bass, Violoncello"
44,2.0,44,2.25,M7,"Double Bass, Violoncello"
44,2.5,44,2.75,M6,"Double Bass, Viola, Violin I, Violin II, Violoncello"
44,2.5,44,2.75,M7,"Double Bass, Viola, Violin I, Violin II, Violoncello"
44,3.0,44,3.25,M6,"Double Bass, Violoncello"
44,3.0,44,3.25,M7,"Double Bass, Violoncello"
44,3.5,44,3.75,M6,"Double Bass, Solo Alto Saxophone, Violoncello"
44,3.5,44,3.75,M7,"Double Bass, Solo Alto Saxophone, Violoncello"
44,3.75,44,4.0,M6,Solo Alto Saxophone
44,3.75,44,4.0,M7,Solo Alto Saxophone
44,4.0,44,4.25,M6,"Double Bass, Solo Alto Saxophone, Violoncello"
44,4.0,44,4.25,M7,"Double Bass, Solo Alto Saxophone, Violoncello"
44,4.5,44,4.75,M6,"Double Bass, Solo Alto Saxophone, Violoncello"
44,4.5,44,4.75,M7,"Double Bass, Solo Alto Saxophone, Violoncello"
45,1.0,45,1.25,M6,"Double Bass, Solo Alto Saxophone, Violoncello"
45,1.0,45,1.25,M7,"Double Bass, Solo Alto Saxophone, Violoncello"
45,1.5,45,1.75,M6,"Double Bass, Viola, Violin I, Violin II, Violoncello"
45,1.5,45,1.75,M7,"Double Bass, Viola, Violin I, Violin II, Violoncello"
45,1.75,45,2.0,M6,"Viola, Violin I, Violin II"
45,1.75,45,2.0,M7,"Viola, Violin I, Violin II"
45,2.0,45,2.25,M6,"Double Bass, Violoncello"
45,2.0,45,2.25,M7,"Double Bass, Violoncello"
45,2.5,45,2.75,M6,"Double Bass, Solo Alto Saxophone, Viola, Violin I, Violin II, Violoncello"
45,2.5,45,2.75,M7,"Double Bass, Solo Alto Saxophone, Viola, Violin I, Violin II, Violoncello"
45,2.75,45,3.0,M6,Solo Alto Saxophone
45,2.75,45,3.0,M7,Solo Alto Saxophone
45,3.0,45,3.25,M6,"Double Bass, Solo Alto Saxophone, Violoncello"
45,3.0,45,3.25,M7,"Double Bass, Solo Alto Saxophone, Violoncello"
45,3.25,45,3.5,M6,Solo Alto Saxophone
45,3.25,45,3.5,M7,Solo Alto Saxophone
45,3.5,45,3.75,M6,"Double Bass, Solo Alto Saxophone, Viola, Violin I, Violin II, Violoncello"
45,3.5,45,3.75,M7,"Double Bass, Solo Alto Saxophone, Viola, Violin I, Violin II, Violoncello"
45,3.75,45,4.0,M6,Solo Alto Saxophone
45,3.75,45,4.0,M7,Solo Alto Saxophone
45,4.0,45,4.25,M6,"Double Bass, Solo Alto Saxophone, Violoncello"
45,4.0,45,4.25,M7,"Double Bass, Solo Alto Saxophone, Violoncello"
45,4.25,45,4.5,M6,Solo Alto Saxophone
45,4.25,45,4.5,M7,Solo Alto Saxophone
45,4.5,45,4.75,M6,"Double Bass, Solo Alto Saxophone, Viola, Violin I, Violin II, Violoncello"
45,4.5,45,4.75,M7,"Double Bass, Solo Alto Saxophone, Viola, Violin I, Violin II, Violoncello"
45,4.75,46,1.0,M6,"Solo Alto Saxophone, Viola, Violin I, Violin II"
45,4.75,46,1.0,M7,"Solo Alto Saxophone, Viola, Violin I, Violin II"
46,1.0,46,1.25,M6,"Double Bass, Violoncello"
46,1.0,46,1.25,M7,"Double Bass, Violoncello"
46,1.5,46,1.75,M6,"Double Bass, Solo Alto Saxophone, Viola, Violin I, Violin II, Violoncello"
46,1.5,46,1.75,M7,"Double Bass, Solo Alto Saxophone, Viola, Violin I, Violin II, Violoncello"
46,2.0,46,2.25,M6,"Double Bass, Solo Alto Saxophone, Violoncello"
46,2.0,46,2.25,M7,"Double Bass, Solo Alto Saxophone, Violoncello"
46,2.5,46,2.75,M6,"Double Bass, Solo Alto Saxophone, Viola, Violin I, Violin II, Violoncello"
46,2.5,46,2.75,M7,"Double Bass, Solo Alto Saxophone, Viola, Violin I, Violin II, Violoncello"
46,2.75,46,3.0,M6,Solo Alto Saxophone
46,2.75,46,3.0,M7,Solo Alto Saxophone
46,3.0,46,3.25,M6,"Double Bass, Solo Alto Saxophone, Violoncello"
46,3.0,46,3.25,M7,"Double Bass, Solo Alto Saxophone, Violoncello"
46,3.25,46,3.5,M6,Solo Alto Saxophone
46,3.25,46,3.5,M7,Solo Alto Saxophone
46,3.5,46,3.75,M6,"Double Bass, Solo Alto Saxophone, Violoncello"
46,3.5,46,3.75,M7,"Double Bass, Solo Alto Saxophone, Violoncello"
46,3.6666666666666665,46,3.9166666666666665,M6,Solo Alto Saxophone
46,3.6666666666666665,46,3.9166666666666665,M7,Solo Alto Saxophone
46,3.8333333333333335,46,4.083333333333334,M6,Solo Alto Saxophone
46,3.8333333333333335,46,4.083333333333334,M7,Solo Alto Saxophone
46,4.0,46,4.25,M6,"Double Bass, Violoncello"
46,4.0,46,4.25,M7,"Double Bass, Violoncello"
46,4.25,46,4.5,M6,Solo Alto Saxophone
46,4.25,46,4.5,M7,Solo Alto Saxophone
46,4.5,46,4.75,M6,"Double Bass, Solo Alto Saxophone, Violoncello"
46,4.5,46,4.75,M7,"Double Bass, Solo Alto Saxophone, Violoncello"
47,1.0,47,1.25,M6,"Double Bass, Violoncello"
47,1.0,47,1.25,M7,"Double Bass, Violoncello"
47,1.25,47,1.5,M6,Solo Alto Saxophone
47,1.25,47,1.5,M7,Solo Alto Saxophone
47,1.5,47,1.75,M6,"Viola, Violin I, Violin II, Violoncello"
47,1.5,47,1.75,M7,"Viola, Violin I, Violin II, Violoncello"
47,1.75,47,2.0,M6,"Viola, Violin I, Violin II"
47,1.75,47,2.0,M7,"Viola, Violin I, Violin II"
47,2.0,47,2.25,M6,"Double Bass, Violoncello"
47,2.0,47,2.25,M7,"Double Bass, Violoncello"
47,2.5,47,2.75,M6,"Solo Alto Saxophone, Viola, Violin I, Violin II, Violoncello"
47,2.5,47,2.75,M7,"Solo Alto Saxophone, Viola, Violin I, Violin II, Violoncello"
47,3.0,47,3.25,M6,"Double Bass, Violoncello"
47,3.0,47,3.25,M7,"Double Bass, Violoncello"
47,3.5,47,3.75,M6,"Viola, Violin I, Violin II, Violoncello"
47,3.5,47,3.75,M7,"Viola, Violin I, Violin II, Violoncello"
47,4.0,47,4.25,M6,"Double Bass, Violoncello"
47,4.0,47,4.25,M7,"Double Bass, Violoncello"
47,4.5,47,4.75,M6,"Solo Alto Saxophone, Viola, Violin I, Violin II, Violoncello"
47,4.5,47,4.75,M7,"Solo Alto Saxophone, Viola, Violin I, Violin II, Violoncello"
47,4.75,48,1.0,M6,"Viola, Violin I, Violin II"
47,4.75,48,1.0,M7,"Viola, Violin I, Violin II"
47,4.833333333333334,48,1.0,M6,Solo Alto Saxophone
47,4.833333333333334,48,1.0,M7,Solo Alto Saxophone
48,1.0,48,1.25,M7,"Double Bass, Solo Alto Saxophone, Vibraphone, Violoncello"
48,1.0,52,1.0,M8,
48,1.25,48,1.5,M7,Solo Alto Saxophone
48,1.5,48,1.75,M7,"Double Bass, Solo Alto Saxophone, Violoncello"
48,2.0,48,2.25,M7,"Double Bass, Solo Alto Saxophone, Violoncello"
48,2.5,48,2.75,M7,"Double Bass, Solo Alto Saxophone, Violoncello"
48,2.75,48,3.0,M7,Solo Alto Saxophone
48,3.0,48,3.25,M7,"Double Bass, Solo Alto Saxophone, Vibraphone, Violoncello"
48,3.25,48,3.5,M7,Solo Alto Saxophone
48,3.5,48,3.75,M7,"Double Bass, Solo Alto Saxophone, Violoncello"
48,3.75,48,4.0,M7,Solo Alto Saxophone
48,4.0,48,4.25,M7,"Double Bass, Violoncello"
48,4.5,48,4.75,M7,"Double Bass, Solo Alto Saxophone, Violoncello"
49,1.0,49,1.25,M7,"Double Bass, Solo Alto Saxophone, Vibraphone, Violoncello"
49,1.1666666666666667,49,1.4166666666666665,M7,Solo Alto Saxophone
49,1.3333333333333333,49,1.5833333333333333,M7,Solo Alto Saxophone
49,1.5,49,1.75,M7,"Double Bass, Solo Alto Saxophone, Violoncello"
49,1.75,49,2.0,M7,Solo Alto Saxophone
49,2.0,49,2.25,M7,"Double Bass, Solo Alto Saxophone, Violoncello"
49,2.25,49,2.5,M7,Solo Alto Saxophone
49,2.5,49,2.75,M7,"Double Bass, Solo Alto Saxophone, Violoncello"
49,2.75,49,3.0,M7,Solo Alto Saxophone
49,3.0,49,3.25,M7,"Double Bass, Solo Alto Saxophone, Vibraphone, Violoncello"
49,3.25,49,3.5,M7,Solo Alto Saxophone
49,3.5,49,3.75,M7,"Double Bass, Solo Alto Saxophone, Violoncello"
49,3.75,49,4.0,M7,Solo Alto Saxophone
49,4.0,49,4.25,M7,"Double Bass, Violoncello"
49,4.25,49,4.5,M7,Solo Alto Saxophone
49,4.5,49,4.75,M7,"Double Bass, Solo Alto Saxophone, Violoncello"
50,1.0,50,1.25,M7,"Double Bass, Vibraphone, Violoncello"
50,1.5,50,1.75,M7,"Double Bass, Solo Alto Saxophone, Violoncello"
50,1.75,50,2.0,M7,Solo Alto Saxophone
50,2.0,50,2.25,M7,"Double Bass, Solo Alto Saxophone, Violoncello"
50,2.25,50,2.5,M7,Solo Alto Saxophone
50,2.5,50,2.75,M7,"Double Bass, Solo Alto Saxophone, Violoncello"
50,2.75,50,3.0,M7,Solo Alto Saxophone
50,3.0,50,3.25,M7,"Double Bass, Vibraphone, Violoncello"
50,3.5,50,3.75,M7,"Double Bass, Solo Alto Saxophone, Violoncello"
50,4.0,50,4.25,M7,"Double Bass, Violoncello"
50,4.5,50,4.75,M7,"Double Bass, Violoncello"
50,4.75,51,1.0,M7,Solo Alto Saxophone
51,1.0,51,1.25,M7,"Double Bass, Solo Alto Saxophone, Vibraphone, Violoncello"
51,1.5,51,1.75,M7,Violoncello
51,2.0,51,2.25,M7,"Double Bass, Violoncello"
51,2.5,51,2.75,M7,"Solo Alto Saxophone, Violoncello"
51,3.0,51,3.25,M7,"Double Bass, Solo Alto Saxophone, Vibraphone, Violoncello"
51,3.5,51,3.75,M7,Violoncello
51,4.0,51,4.25,M7,"Double Bass, Solo Alto Saxophone, Violoncello"
51,4.5,51,4.75,M7,Violoncello
52,1.0,52,1.25,M6,"Double Bass, Percussion, Solo Alto Saxophone, Violoncello"
52,1.0,52,1.25,M7,"Double Bass, Percussion, Solo Alto Saxophone, Violoncello"
52,1.5,52,1.75,M6,"Double Bass, Percussion, Viola, Violin I, Violin II, Violoncello"
52,1.5,52,1.75,M7,"Double Bass, Percussion, Viola, Violin I, Violin II, Violoncello"
52,2.0,52,2.25,M6,"Double Bass, Percussion, Violoncello"
52,2.0,52,2.25,M7,"Double Bass, Percussion, Violoncello"
52,2.5,52,2.75,M6,"Double Bass, Percussion, Solo Alto Saxophone, Viola, Violin I, Violin II, Violoncello"
52,2.5,52,2.75,M7,"Double Bass, Percussion, Solo Alto Saxophone, Viola, Violin I, Violin II, Violoncello"
52,2.75,52,3.0,M6,Solo Alto Saxophone
52,2.75,52,3.0,M7,Solo Alto Saxophone
52,3.0,52,3.25,M6,"Double Bass, Percussion, Solo Alto Saxophone, Violoncello"
52,3.0,52,3.25,M7,"Double Bass, Percussion, Solo Alto Saxophone, Violoncello"
52,3.25,52,3.5,M6,Solo Alto Saxophone
52,3.25,52,3.5,M7,Solo Alto Saxophone
52,3.5,52,3.75,M6,"Double Bass, Percussion, Solo Alto Saxophone, Violoncello"
52,3.5,52,3.75,M7,"Double Bass, Percussion, Solo Alto Saxophone, Violoncello"
52,3.75,52,4.0,M6,Solo Alto Saxophone
52,3.75,52,4.0,M7,Solo Alto Saxophone
52,4.0,52,4.25,M6,"Double Bass, Percussion, Solo Alto Saxophone, Violoncello"
52,4.0,52,4.25,M7,"Double Bass, Percussion, Solo Alto Saxophone, Violoncello"
52,4.25,52,4.5,M6,Solo Alto Saxophone
52,4.25,52,4.5,M7,Solo Alto Saxophone
52,4.5,52,4.75,M6,"Double Bass, Percussion, Solo Alto Saxophone, Violoncello"
52,4.5,52,4.75,M7,"Double Bass, Percussion, Solo Alto Saxophone, Violoncello"
52,4.75,53,1.0,M6,Solo Alto Saxophone
52,4.75,53,1.0,M7,Solo Alto Saxophone
53,1.0,53,1.25,M6,"Double Bass, Percussion, Solo Alto Saxophone, Violoncello"
53,1.0,53,1.25,M7,"Double Bass, Percussion, Solo Alto Saxophone, Violoncello"
53,1.25,53,1.5,M6,Solo Alto Saxophone
53,1.25,53,1.5,M7,Solo Alto Saxophone
53,1.5,53,1.75,M6,"Claves, Double Bass, Solo Alto Saxophone, Viola, Violin I, Violin II, Violoncello"
53,1.5,53,1.75,M7,"Claves, Double Bass, Solo Alto Saxophone, Viola, Violin I, Violin II, Violoncello"
53,1.75,53,2.0,M6,"Solo Alto Saxophone, Viola, Violin I, Violin II"
53,1.75,53,2.0,M7,"Solo Alto Saxophone, Viola, Violin I, Violin II"
53,2.0,53,2.25,M6,"Claves, Double Bass, Solo Alto Saxophone, Violoncello"
53,2.0,53,2.25,M7,"Claves, Double Bass, Solo Alto Saxophone, Violoncello"
53,2.5,53,2.75,M6,"Cowbell 1, Double Bass, Viola, Violin I, Violin II, Violoncello"
53,2.5,53,2.75,M7,"Cowbell 1, Double Bass, Viola, Violin I, Violin II, Violoncello"
53,3.0,53,3.25,M6,"Cowbell 1, Double Bass, Violoncello"
53,3.0,53,3.25,M7,"Cowbell 1, Double Bass, Violoncello"
53,3.5,53,3.75,M6,"Claves, Double Bass, Solo Alto Saxophone, Viola, Violin I, Violin II, Violoncello"
53,3.5,53,3.75,M7,"Claves, Double Bass, Solo Alto Saxophone, Viola, Violin I, Violin II, Violoncello"
53,3.6666666666666665,53,3.9166666666666665,M6,Solo Alto Saxophone
53,3.6666666666666665,53,3.9166666666666665,M7,Solo Alto Saxophone
53,3.8333333333333335,53,4.083333333333334,M6,Solo Alto Saxophone
53,3.8333333333333335,53,4.083333333333334,M7,Solo Alto Saxophone
53,4.0,53,4.25,M6,"Claves, Double Bass, Solo Alto Saxophone, Violoncello"
53,4.0,53,4.25,M7,"Claves, Double Bass, Solo Alto Saxophone, Violoncello"
53,4.25,53,4.5,M6,Solo Alto Saxophone
53,4.25,53,4.5,M7,Solo Alto Saxophone
53,4.5,53,4.75,M6,"Double Bass, Percussion, Solo Alto Saxophone, Viola, Violin I, Violin II, Violoncello"
53,4.5,53,4.75,M7,"Double Bass, Percussion, Solo Alto Saxophone, Viola, Violin I, Violin II, Violoncello"
53,4.75,54,1.0,M6,"Solo Alto Saxophone, Viola, Violin I, Violin II"
53,4.75,54,1.0,M7,"Solo Alto Saxophone, Viola, Violin I, Violin II"
54,1.0,54,1.25,M6,"Double Bass, Percussion, Violoncello"
54,1.0,54,1.25,M7,"Double Bass, Percussion, Violoncello"
54,1.25,54,1.5,M6,Solo Alto Saxophone
54,1.25,54,1.5,M7,Solo Alto Saxophone
54,1.5,54,1.75,M6,"Double Bass, Percussion, Solo Alto Saxophone, Viola, Violin I, Violin II, Violoncello"
54,1.5,54,1.75,M7,"Double Bass, Percussion, Solo Alto Saxophone, Viola, Violin I, Violin II, Violoncello"
54,1.75,54,2.0,M6,Solo Alto Saxophone
54,1.75,54,2.0,M7,Solo Alto Saxophone
54,2.0,54,2.25,M6,"Double Bass, Percussion, Solo Alto Saxophone, Violoncello"
54,2.0,54,2.25,M7,"Double Bass, Percussion, Solo Alto Saxophone, Violoncello"
54,2.333333333333333,54,2.583333333333333,M6,Solo Alto Saxophone
54,2.333333333333333,54,2.583333333333333,M7,Solo Alto Saxophone
54,2.5,54,2.75,M6,"Double Bass, Percussion, Solo Alto Saxophone, Viola, Violin I, Violin II, Violoncello"
54,2.5,54,2.75,M7,"Double Bass, Percussion, Solo Alto Saxophone, Viola, Violin I, Violin II, Violoncello"
54,2.833333333333333,54,3.083333333333333,M6,Solo Alto Saxophone
54,2.833333333333333,54,3.083333333333333,M7,Solo Alto Saxophone
54,3.0,54,3.25,M6,"Double Bass, Percussion, Solo Alto Saxophone, Violoncello"
54,3.0,54,3.25,M7,"Double Bass, Percussion, Solo Alto Saxophone, Violoncello"
54,3.25,54,3.5,M6,Solo Alto Saxophone
54,3.25,54,3.5,M7,Solo Alto Saxophone
54,3.5,54,3.75,M6,"Double Bass, Percussion, Solo Alto Saxophone, Violoncello"
54,3.5,54,3.75,M7,"Double Bass, Percussion, Solo Alto Saxophone, Violoncello"
54,3.75,54,4.0,M6,Solo Alto Saxophone
54,3.75,54,4.0,M7,Solo Alto Saxophone
54,4.0,54,4.25,M6,"Double Bass, Percussion, Solo Alto Saxophone, Violoncello"
54,4.0,54,4.25,M7,"Double Bass, Percussion, Solo Alto Saxophone, Violoncello"
54,4.333333333333334,54,4.583333333333334,M6,Solo Alto Saxophone
54,4.333333333333334,54,4.583333333333334,M7,Solo Alto Saxophone
54,4.5,54,4.75,M6,"Double Bass, Percussion, Solo Alto Saxophone, Violoncello"
54,4.5,54,4.75,M7,"Double Bass, Percussion, Solo Alto Saxophone, Violoncello"
54,4.75,55,1.0,M6,Solo Alto Saxophone
54,4.75,55,1.0,M7,Solo Alto Saxophone
55,1.0,55,1.25,M6,"Double Bass, Percussion, Solo Alto Saxophone, Violoncello"
55,1.0,55,1.25,M7,"Double Bass, Percussion, Solo Alto Saxophone, Violoncello"
55,1.25,55,1.5,M6,Solo Alto Saxophone
55,1.25,55,1.5,M7,Solo Alto Saxophone
55,1.5,55,1.75,M6,"Claves, Solo Alto Saxophone, Viola, Violin I, Violin II, Violoncello"
55,1.5,55,1.75,M7,"Claves, Solo Alto Saxophone, Viola, Violin I, Violin II, Violoncello"
55,1.75,55,2.0,M6,"Solo Alto Saxophone, Viola, Violin I, Violin II"
55,1.75,55,2.0,M7,"Solo Alto Saxophone, Viola, Violin I, Violin II"
55,2.0,55,2.25,M6,"Claves, Double Bass, Solo Alto Saxophone, Violoncello"
55,2.0,55,2.25,M7,"Claves, Double Bass, Solo Alto Saxophone, Violoncello"
55,2.5,55,2.75,M6,"Cowbell 1, Solo Alto Saxophone, Viola, Violin I, Violin II, Violoncello"
55,2.5,55,2.75,M7,"Cowbell 1, Solo Alto Saxophone, Viola, Violin I, Violin II, Violoncello"
55,2.75,55,3.0,M6,Solo Alto Saxophone
55,2.75,55,3.0,M7,Solo Alto Saxophone
55,3.0,55,3.25,M6,"Cowbell 1, Double Bass, Solo Alto Saxophone, Violoncello"
55,3.0,55,3.25,M7,"Cowbell 1, Double Bass, Solo Alto Saxophone, Violoncello"
55,3.25,55,3.5,M6,Solo Alto Saxophone
55,3.25,55,3.5,M7,Solo Alto Saxophone
55,3.5,55,3.75,M6,"Claves, Viola, Violin I, Violin II, Violoncello"
55,3.5,55,3.75,M7,"Claves, Viola, Violin I, Violin II, Violoncello"
55,3.75,55,4.0,M6,Solo Alto Saxophone
55,3.75,55,4.0,M7,Solo Alto Saxophone
55,4.0,55,4.25,M6,"Claves, Double Bass, Solo Alto Saxophone, Violoncello"
55,4.0,55,4.25,M7,"Claves, Double Bass, Solo Alto Saxophone, Violoncello"
55,4.25,55,4.5,M6,Solo Alto Saxophone
55,4.25,55,4.5,M7,Solo Alto Saxophone
55,4.5,55,4.75,M6,"Percussion, Solo Alto Saxophone, Viola, Violin I, Violin II, Violoncello"
55,4.5,55,4.75,M7,"Percussion, Solo Alto Saxophone, Viola, Violin I, Violin II, Violoncello"
55,4.75,56,1.0,M6,"Solo Alto Saxophone, Viola, Violin I, Violin II"
55,4.75,56,1.0,M7,"Solo Alto Saxophone, Viola, Violin I, Violin II"
56,1.0,56,1.25,M2,"Conga, Double Bass, Solo Alto Saxophone, Vibraphone, Violoncello"
56,1.0,56,1.25,M7,"Conga, Double Bass, Solo Alto Saxophone, Vibraphone, Violoncello"
56,1.0,60,1.0,M8,
56,1.25,56,1.5,M2,"Conga, Solo Alto Saxophone"
56,1.25,56,1.5,M7,"Conga, Solo Alto Saxophone"
56,1.5,56,1.75,M2,"Conga, Double Bass, Violoncello"
56,1.5,56,1.75,M7,"Conga, Double Bass, Violoncello"
56,2.0,56,2.25,M2,"Conga, Double Bass, Violoncello"
56,2.0,56,2.25,M7,"Conga, Double Bass, Violoncello"
56,2.25,56,2.5,M2,Conga
56,2.25,56,2.5,M7,Conga
56,2.5,56,2.75,M2,"Conga, Double Bass, Violoncello"
56,2.5,56,2.75,M7,"Conga, Double Bass, Violoncello"
56,3.0,56,3.25,M2,"Conga, Double Bass, Vibraphone, Violoncello"
56,3.0,56,3.25,M7,"Conga, Double Bass, Vibraphone, Violoncello"
56,3.25,56,3.5,M2,Conga
56,3.25,56,3.5,M7,Conga
56,3.5,56,3.75,M2,"Conga, Double Bass, Violoncello"
56,3.5,56,3.75,M7,"Conga, Double Bass, Violoncello"
56,3.75,56,4.0,M2,"Conga, Solo Alto Saxophone"
56,3.75,56,4.0,M7,"Conga, Solo Alto Saxophone"
56,4.0,56,4.25,M2,"Conga, Double Bass, Solo Alto Saxophone, Violoncello"
56,4.0,56,4.25,M7,"Conga, Double Bass, Solo Alto Saxophone, Violoncello"
56,4.25,56,4.5,M2,Solo Alto Saxophone
56,4.25,56,4.5,M7,Solo Alto Saxophone
56,4.5,56,4.75,M2,"Conga, Double Bass, Solo Alto Saxophone, Violoncello"
56,4.5,56,4.75,M7,"Conga, Double Bass, Solo Alto Saxophone, Violoncello"
56,4.75,57,1.0,M2,Solo Alto Saxophone
56,4.75,57,1.0,M7,Solo Alto Saxophone
57,1.0,57,1.25,M2,"Conga, Double Bass, Vibraphone, Violoncello"
57,1.0,57,1.25,M7,"Conga, Double Bass, Vibraphone, Violoncello"
57,1.25,57,1.5,M2,Solo Alto Saxophone
57,1.25,57,1.5,M7,Solo Alto Saxophone
57,1.5,57,1.75,M2,"Conga, Double Bass, Violoncello"
57,1.5,57,1.75,M7,"Conga, Double Bass, Violoncello"
57,1.75,57,2.0,M2,Conga
57,1.75,57,2.0,M7,Conga
57,2.0,57,2.25,M2,"Conga, Double Bass, Violoncello"
57,2.0,57,2.25,M7,"Conga, Double Bass, Violoncello"
57,2.5,57,2.75,M2,"Conga, Double Bass, Violoncello"
57,2.5,57,2.75,M7,"Conga, Double Bass, Violoncello"
57,2.75,57,3.0,M2,"Conga, Solo Alto Saxophone"
57,2.75,57,3.0,M7,"Conga, Solo Alto Saxophone"
57,3.0,57,3.25,M2,"Conga, Double Bass, Vibraphone, Violoncello"
57,3.0,57,3.25,M7,"Conga, Double Bass, Vibraphone, Violoncello"
57,3.25,57,3.5,M2,Solo Alto Saxophone
57,3.25,57,3.5,M7,Solo Alto Saxophone
57,3.5,57,3.75,M2,"Conga, Double Bass, Violoncello"
57,3.5,57,3.75,M7,"Conga, Double Bass, Violoncello"
57,4.0,57,4.25,M2,"Conga, Double Bass, Violoncello"
57,4.0,57,4.25,M7,"Conga, Double Bass, Violoncello"
57,4.25,57,4.5,M2,"Conga, Solo Alto Saxophone"
57,4.25,57,4.5,M7,"Conga, Solo Alto Saxophone"
57,4.5,57,4.75,M2,"Conga, Double Bass, Violoncello"
57,4.5,57,4.75,M7,"Conga, Double Bass, Violoncello"
57,4.75,58,1.0,M2,"Conga, Solo Alto Saxophone"
57,4.75,58,1.0,M7,"Conga, Solo Alto Saxophone"
58,1.0,58,1.25,M3,"Castanets, Double Bass, Vibraphone, Violoncello"
58,1.0,58,1.25,M7,"Castanets, Double Bass, Vibraphone, Violoncello"
58,1.25,58,1.5,M3,"Castanets, Solo Alto Saxophone"
58,1.25,58,1.5,M7,"Castanets, Solo Alto Saxophone"
58,1.5,58,1.75,M3,"Castanets, Double Bass, Solo Alto Saxophone, Violoncello"
58,1.5,58,1.75,M7,"Castanets, Double Bass, Solo Alto Saxophone, Violoncello"
58,1.75,58,2.0,M3,"Castanets, Solo Alto Saxophone"
58,1.75,58,2.0,M7,"Castanets, Solo Alto Saxophone"
58,2.0,58,2.25,M3,"Castanets, Double Bass, Solo Alto Saxophone, Violoncello"
58,2.0,58,2.25,M7,"Castanets, Double Bass, Solo Alto Saxophone, Violoncello"
58,2.25,58,2.5,M3,"Castanets, Solo Alto Saxophone"
58,2.25,58,2.5,M7,"Castanets, Solo Alto Saxophone"
58,2.5,58,2.75,M3,"Castanets, Double Bass, Solo Alto Saxophone, Violoncello"
58,2.5,58,2.75,M7,"Castanets, Double Bass, Solo Alto Saxophone, Violoncello"
58,2.75,58,3.0,M3,"Castanets, Solo Alto Saxophone"
58,2.75,58,3.0,M7,"Castanets, Solo Alto Saxophone"
58,2.916666666666667,58,3.166666666666667,M3,Solo Alto Saxophone
58,2.916666666666667,58,3.166666666666667,M7,Solo Alto Saxophone
58,3.0,58,3.25,M3,"Castanets, Double Bass, Vibraphone, Violoncello"
58,3.0,58,3.25,M7,"Castanets, Double Bass, Vibraphone, Violoncello"
58,3.25,58,3.5,M3,"Castanets, Solo Alto Saxophone"
58,3.25,58,3.5,M7,"Castanets, Solo Alto Saxophone"
58,3.5,58,3.75,M3,"Castanets, Double Bass, Solo Alto Saxophone, Violoncello"
58,3.5,58,3.75,M7,"Castanets, Double Bass, Solo Alto Saxophone, Violoncello"
58,3.75,58,4.0,M3,"Castanets, Solo Alto Saxophone"
58,3.75,58,4.0,M7,"Castanets, Solo Alto Saxophone"
58,4.0,58,4.25,M3,"Castanets, Double Bass, Solo Alto Saxophone, Violoncello"
58,4.0,58,4.25,M7,"Castanets, Double Bass, Solo Alto Saxophone, Violoncello"
58,4.25,58,4.5,M3,"Castanets, Solo Alto Saxophone"
58,4.25,58,4.5,M7,"Castanets, Solo Alto Saxophone"
58,4.5,58,4.75,M3,"Castanets, Double Bass, Violoncello"
58,4.5,58,4.75,M7,"Castanets, Double Bass, Violoncello"
58,4.75,59,1.0,M3,Castanets
58,4.75,59,1.0,M7,Castanets
59,1.0,59,1.25,M3,"Castanets, Double Bass, Solo Alto Saxophone, Vibraphone, Violoncello"
59,1.0,59,1.25,M7,"Castanets, Double Bass, Solo Alto Saxophone, Vibraphone, Violoncello"
59,1.25,59,1.5,M3,Castanets
59,1.25,59,1.5,M7,Castanets
59,1.5,59,1.75,M3,"Castanets, Violoncello"
59,1.5,59,1.75,M7,"Castanets, Violoncello"
59,1.75,59,2.0,M3,Castanets
59,1.75,59,2.0,M7,Castanets
59,2.0,59,2.25,M3,"Castanets, Double Bass, Violoncello"
59,2.0,59,2.25,M7,"Castanets, Double Bass, Violoncello"
59,2.25,59,2.5,M3,Castanets
59,2.25,59,2.5,M7,Castanets
59,2.5,59,2.75,M3,"Castanets, Solo Alto Saxophone, Violoncello"
59,2.5,59,2.75,M7,"Castanets, Solo Alto Saxophone, Violoncello"
59,2.75,59,3.0,M3,Castanets
59,2.75,59,3.0,M7,Castanets
59,3.0,59,3.25,M3,"Castanets, Double Bass, Vibraphone, Violoncello"
59,3.0,59,3.25,M7,"Castanets, Double Bass, Vibraphone, Violoncello"
59,3.25,59,3.5,M3,Castanets
59,3.25,59,3.5,M7,Castanets
59,3.5,59,3.75,M3,"Castanets, Violoncello"
59,3.5,59,3.75,M7,"Castanets, Violoncello"
59,3.75,59,4.0,M3,Castanets
59,3.75,59,4.0,M7,Castanets
59,4.0,59,4.25,M3,"Castanets, Double Bass, Violoncello"
59,4.0,59,4.25,M7,"Castanets, Double Bass, Violoncello"
59,4.25,59,4.5,M3,Castanets
59,4.25,59,4.5,M7,Castanets
59,4.5,59,4.75,M3,"Castanets, Solo Alto Saxophone, Violoncello"
59,4.5,59,4.75,M7,"Castanets, Solo Alto Saxophone, Violoncello"
59,4.75,60,1.0,M3,"Castanets, Solo Alto Saxophone"
59,4.75,60,1.0,M7,"Castanets, Solo Alto Saxophone"
60,1.0,60,1.25,M7,"Double Bass, Violoncello"
60,1.5,60,1.75,M7,"Double Bass, Violoncello"
60,1.6666666666666665,60,1.9166666666666665,M7,Solo Alto Saxophone
60,2.0,60,2.25,M7,"Double Bass, Violoncello"
60,2.5,60,2.75,M7,"Double Bass, Violoncello"
60,3.0,60,3.25,M7,"Double Bass, Violoncello"
60,3.5,60,3.75,M7,"Double Bass, Violoncello"
60,4.0,60,4.25,M7,"Double Bass, Violoncello"
60,4.5,60,4.75,M7,"Double Bass, Violoncello"
61,1.0,61,1.25,M7,"Double Bass, Violoncello"
61,1.5,61,1.75,M7,"Double Bass, Violoncello"
61,2.0,61,2.25,M7,"Double Bass, Violoncello"
61,2.5,61,2.75,M7,"Double Bass, Violoncello"
61,3.0,61,3.25,M7,"Double Bass, Violoncello"
61,3.5,61,3.75,M7,"Double Bass, Violoncello"
61,4.0,61,4.25,M7,"Double Bass, Violoncello"
61,4.5,61,4.75,M7,"Double Bass, Violoncello"
62,1.0,62,1.25,M7,"Double Bass, Violoncello"
62,2.0,62,2.25,M7,"Double Bass, Violoncello"
62,3.0,62,3.25,M7,"Double Bass, Violoncello"
62,4.0,62,4.25,M7,"Double Bass, Violoncello"
63,1.0,63,1.25,M7,"Double Bass, Violoncello"
64,1.0,64,1.25,M1,"Castanets, Conga, Double Bass, Drum Set, Percussion, Viola, Violin I, Violin II, Violoncello"
64,1.0,64,1.25,M2,"Castanets, Conga, Double Bass, Drum Set, Percussion, Viola, Violin I, Violin II, Violoncello"
64,1.0,64,1.25,M3,"Castanets, Conga, Double Bass, Drum Set, Percussion, Viola, Violin I, Violin II, Violoncello"
64,1.0,64,1.25,M7,"Castanets, Conga, Double Bass, Drum Set, Percussion, Viola, Violin I, Violin II, Violoncello"
64,1.25,64,1.5,M1,"Castanets, Conga, Double Bass, Viola, Violin I, Violin II, Violoncello"
64,1.25,64,1.5,M2,"Castanets, Conga, Double Bass, Viola, Violin I, Violin II, Violoncello"
64,1.25,64,1.5,M3,"Castanets, Conga, Double Bass, Viola, Violin I, Violin II, Violoncello"
64,1.25,64,1.5,M7,"Castanets, Conga, Double Bass, Viola, Violin I, Violin II, Violoncello"
64,1.5,64,1.75,M1,"Castanets, Conga, Double Bass, Drum Set, Percussion, Viola, Violin I, Violin II, Violoncello"
64,1.5,64,1.75,M2,"Castanets, Conga, Double Bass, Drum Set, Percussion, Viola, Violin I, Violin II, Violoncello"
64,1.5,64,1.75,M3,"Castanets, Conga, Double Bass, Drum Set, Percussion, Viola, Violin I, Violin II, Violoncello"
64,1.5,64,1.75,M7,"Castanets, Conga, Double Bass, Drum Set, Percussion, Viola, Violin I, Violin II, Violoncello"
64,1.75,64,2.0,M1,"Castanets, Viola, Violin I, Violin II"
64,1.75,64,2.0,M2,"Castanets, Viola, Violin I, Violin II"
64,1.75,64,2.0,M3,"Castanets, Viola, Violin I, Violin II"
64,1.75,64,2.0,M7,"Castanets, Viola, Violin I, Violin II"
64,2.0,64,2.25,M1,"Castanets, Conga, Double Bass, Drum Set, Percussion, Viola, Violin I, Violin II, Violoncello"
64,2.0,64,2.25,M2,"Castanets, Conga, Double Bass, Drum Set, Percussion, Viola, Violin I, Violin II, Violoncello"
64,2.0,64,2.25,M3,"Castanets, Conga, Double Bass, Drum Set, Percussion, Viola, Violin I, Violin II, Violoncello"
64,2.0,64,2.25,M7,"Castanets, Conga, Double Bass, Drum Set, Percussion, Viola, Violin I, Violin II, Violoncello"
64,2.25,64,2.5,M1,"Castanets, Conga, Double Bass, Viola, Violin I, Violin II, Violoncello"
64,2.25,64,2.5,M2,"Castanets, Conga, Double Bass, Viola, Violin I, Violin II, Violoncello"
64,2.25,64,2.5,M3,"Castanets, Conga, Double Bass, Viola, Violin I, Violin II, Violoncello"
64,2.25,64,2.5,M7,"Castanets, Conga, Double Bass, Viola, Violin I, Violin II, Violoncello"
64,2.5,64,2.75,M1,"Castanets, Conga, Double Bass, Drum Set, Percussion, Viola, Violin I, Violin II, Violoncello"
64,2.5,64,2.75,M2,"Castanets, Conga, Double Bass, Drum Set, Percussion, Viola, Violin I, Violin II, Violoncello"
64,2.5,64,2.75,M3,"Castanets, Conga, Double Bass, Drum Set, Percussion, Viola, Violin I, Violin II, Violoncello"
64,2.5,64,2.75,M7,"Castanets, Conga, Double Bass, Drum Set, Percussion, Viola, Violin I, Violin II, Violoncello"
64,2.75,64,3.0,M1,"Castanets, Viola, Violin I, Violin II"
64,2.75,64,3.0,M2,"Castanets, Viola, Violin I, Violin II"
64,2.75,64,3.0,M3,"Castanets, Viola, Violin I, Violin II"
64,2.75,64,3.0,M7,"Castanets, Viola, Violin I, Violin II"
64,3.0,64,3.25,M1,"Castanets, Conga, Double Bass, Drum Set, Percussion, Viola, Violin I, Violin II, Violoncello"
64,3.0,64,3.25,M2,"Castanets, Conga, Double Bass, Drum Set, Percussion, Viola, Violin I, Violin II, Violoncello"
64,3.0,64,3.25,M3,"Castanets, Conga, Double Bass, Drum Set, Percussion, Viola, Violin I, Violin II, Violoncello"
64,3.0,64,3.25,M7,"Castanets, Conga, Double Bass, Drum Set, Percussion, Viola, Violin I, Violin II, Violoncello"
64,3.25,64,3.5,M1,"Castanets, Conga, Double Bass, Viola, Violin I, Violin II, Violoncello"
64,3.25,64,3.5,M2,"Castanets, Conga, Double Bass, Viola, Violin I, Violin II, Violoncello"
64,3.25,64,3.5,M3,"Castanets, Conga, Double Bass, Viola, Violin I, Violin II, Violoncello"
64,3.25,64,3.5,M7,"Castanets, Conga, Double Bass, Viola, Violin I, Violin II, Violoncello"
64,3.5,64,3.75,M1,"Castanets, Conga, Double Bass, Drum Set, Percussion, Viola, Violin I, Violin II, Violoncello"
64,3.5,64,3.75,M2,"Castanets, Conga, Double Bass, Drum Set, Percussion, Viola, Violin I, Violin II, Violoncello"
64,3.5,64,3.75,M3,"Castanets, Conga, Double Bass, Drum Set, Percussion, Viola, Violin I, Violin II, Violoncello"
64,3.5,64,3.75,M7,"Castanets, Conga, Double Bass, Drum Set, Percussion, Viola, Violin I, Violin II, Violoncello"
64,3.75,64,4.0,M1,"Castanets, Conga, Double Bass, Viola, Violin I, Violin II, Violoncello"
64,3.75,64,4.0,M2,"Castanets, Conga, Double Bass, Viola, Violin I, Violin II, Violoncello"
64,3.75,64,4.0,M3,"Castanets, Conga, Double Bass, Viola, Violin I, Violin II, Violoncello"
64,3.75,64,4.0,M7,"Castanets, Conga, Double Bass, Viola, Violin I, Violin II, Violoncello"
64,4.0,64,4.25,M1,"Castanets, Conga, Double Bass, Drum Set, Percussion, Viola, Violin I, Violin II, Violoncello"
64,4.0,64,4.25,M2,"Castanets, Conga, Double Bass, Drum Set, Percussion, Viola, Violin I, Violin II, Violoncello"
64,4.0,64,4.25,M3,"Castanets, Conga, Double Bass, Drum Set, Percussion, Viola, Violin I, Violin II, Violoncello"
64,4.0,64,4.25,M7,"Castanets, Conga, Double Bass, Drum Set, Percussion, Viola, Violin I, Violin II, Violoncello"
64,4.25,64,4.5,M1,"Castanets, Viola, Violin I, Violin II"
64,4.25,64,4.5,M2,"Castanets, Viola, Violin I, Violin II"
64,4.25,64,4.5,M3,"Castanets, Viola, Violin I, Violin II"
64,4.25,64,4.5,M7,"Castanets, Viola, Violin I, Violin II"
64,4.5,64,4.75,M1,"Castanets, Conga, Double Bass, Drum Set, Percussion, Viola, Violin I, Violin II, Violoncello"
64,4.5,64,4.75,M2,"Castanets, Conga, Double Bass, Drum Set, Percussion, Viola, Violin I, Violin II, Violoncello"
64,4.5,64,4.75,M3,"Castanets, Conga, Double Bass, Drum Set, Percussion, Viola, Violin I, Violin II, Violoncello"
64,4.5,64,4.75,M7,"Castanets, Conga, Double Bass, Drum Set, Percussion, Viola, Violin I, Violin II, Violoncello"
64,4.75,65,1.0,M1,"Castanets, Viola, Violin I, Violin II"
64,4.75,65,1.0,M2,"Castanets, Viola, Violin I, Violin II"
64,4.75,65,1.0,M3,"Castanets, Viola, Violin I, Violin II"
64,4.75,65,1.0,M7,"Castanets, Viola, Violin I, Violin II"
65,1.0,65,1.25,M1,"Castanets, Conga, Double Bass, Drum Set, Percussion, Viola, Violin I, Violin II, Violoncello"
65,1.0,65,1.25,M2,"Castanets, Conga, Double Bass, Drum Set, Percussion, Viola, Violin I, Violin II, Violoncello"
65,1.0,65,1.25,M3,"Castanets, Conga, Double Bass, Drum Set, Percussion, Viola, Violin I, Violin II, Violoncello"
65,1.0,65,1.25,M7,"Castanets, Conga, Double Bass, Drum Set, Percussion, Viola, Violin I, Violin II, Violoncello"
65,1.25,65,1.5,M1,"Castanets, Viola, Violin I, Violin II"
65,1.25,65,1.5,M2,"Castanets, Viola, Violin I, Violin II"
65,1.25,65,1.5,M3,"Castanets, Viola, Violin I, Violin II"
65,1.25,65,1.5,M7,"Castanets, Viola, Violin I, Violin II"
65,1.5,65,1.75,M1,"Castanets, Claves, Conga, Double Bass, Drum Set, Viola, Violin I, Violin II, Violoncello"
65,1.5,65,1.75,M2,"Castanets, Claves, Conga, Double Bass, Drum Set, Viola, Violin I, Violin II, Violoncello"
65,1.5,65,1.75,M3,"Castanets, Claves, Conga, Double Bass, Drum Set, Viola, Violin I, Violin II, Violoncello"
65,1.5,65,1.75,M7,"Castanets, Claves, Conga, Double Bass, Drum Set, Viola, Violin I, Violin II, Violoncello"
65,1.75,65,2.0,M1,"Castanets, Conga, Double Bass, Viola, Violin I, Violin II, Violoncello"
65,1.75,65,2.0,M2,"Castanets, Conga, Double Bass, Viola, Violin I, Violin II, Violoncello"
65,1.75,65,2.0,M3,"Castanets, Conga, Double Bass, Viola, Violin I, Violin II, Violoncello"
65,1.75,65,2.0,M7,"Castanets, Conga, Double Bass, Viola, Violin I, Violin II, Violoncello"
65,2.0,65,2.25,M1,"Castanets, Claves, Conga, Double Bass, Drum Set, Viola, Violin I, Violin II, Violoncello"
65,2.0,65,2.25,M2,"Castanets, Claves, Conga, Double Bass, Drum Set, Viola, Violin I, Violin II, Violoncello"
65,2.0,65,2.25,M3,"Castanets, Claves, Conga, Double Bass, Drum Set, Viola, Violin I, Violin II, Violoncello"
65,2.0,65,2.25,M7,"Castanets, Claves, Conga, Double Bass, Drum Set, Viola, Violin I, Violin II, Violoncello"
65,2.25,65,2.5,M1,"Castanets, Viola, Violin I, Violin II"
65,2.25,65,2.5,M2,"Castanets, Viola, Violin I, Violin II"
65,2.25,65,2.5,M3,"Castanets, Viola, Violin I, Violin II"
65,2.25,65,2.5,M7,"Castanets, Viola, Violin I, Violin II"
65,2.5,65,2.75,M1,"Castanets, Conga, Cowbell 1, Double Bass, Drum Set, Viola, Violin I, Violin II, Violoncello"
65,2.5,65,2.75,M2,"Castanets, Conga, Cowbell 1, Double Bass, Drum Set, Viola, Violin I, Violin II, Violoncello"
65,2.5,65,2.75,M3,"Castanets, Conga, Cowbell 1, Double Bass, Drum Set, Viola, Violin I, Violin II, Violoncello"
65,2.5,65,2.75,M7,"Castanets, Conga, Cowbell 1, Double Bass, Drum Set, Viola, Violin I, Violin II, Violoncello"
65,2.75,65,3.0,M1,"Castanets, Conga, Double Bass, Viola, Violin I, Violin II, Violoncello"
65,2.75,65,3.0,M2,"Castanets, Conga, Double Bass, Viola, Violin I, Violin II, Violoncello"
65,2.75,65,3.0,M3,"Castanets, Conga, Double Bass, Viola, Violin I, Violin II, Violoncello"
65,2.75,65,3.0,M7,"Castanets, Conga, Double Bass, Viola, Violin I, Violin II, Violoncello"
65,3.0,65,3.25,M1,"Castanets, Conga, Cowbell 1, Double Bass, Drum Set, Viola, Violin I, Violin II, Violoncello"
65,3.0,65,3.25,M2,"Castanets, Conga, Cowbell 1, Double Bass, Drum Set, Viola, Violin I, Violin II, Violoncello"
65,3.0,65,3.25,M3,"Castanets, Conga, Cowbell 1, Double Bass, Drum Set, Viola, Violin I, Violin II, Violoncello"
65,3.0,65,3.25,M7,"Castanets, Conga, Cowbell 1, Double Bass, Drum Set, Viola, Violin I, Violin II, Violoncello"
65,3.25,65,3.5,M1,"Castanets, Viola, Violin I, Violin II"
65,3.25,65,3.5,M2,"Castanets, Viola, Violin I, Violin II"
65,3.25,65,3.5,M3,"Castanets, Viola, Violin I, Violin II"
65,3.25,65,3.5,M7,"Castanets, Viola, Violin I, Violin II"
65,3.5,65,3.75,M1,"Castanets, Claves, Conga, Double Bass, Drum Set, Viola, Violin I, Violin II, Violoncello"
65,3.5,65,3.75,M2,"Castanets, Claves, Conga, Double Bass, Drum Set, Viola, Violin I, Violin II, Violoncello"
65,3.5,65,3.75,M3,"Castanets, Claves, Conga, Double Bass, Drum Set, Viola, Violin I, Violin II, Violoncello"
65,3.5,65,3.75,M7,"Castanets, Claves, Conga, Double Bass, Drum Set, Viola, Violin I, Violin II, Violoncello"
65,3.75,65,4.0,M1,"Castanets, Viola, Violin I, Violin II"
65,3.75,65,4.0,M2,"Castanets, Viola, Violin I, Violin II"
65,3.75,65,4.0,M3,"Castanets, Viola, Violin I, Violin II"
65,3.75,65,4.0,M7,"Castanets, Viola, Violin I, Violin II"
65,4.0,65,4.25,M1,"Castanets, Claves, Conga, Double Bass, Drum Set, Viola, Violin I, Violin II, Violoncello"
65,4.0,65,4.25,M2,"Castanets, Claves, Conga, Double Bass, Drum Set, Viola, Violin I, Violin II, Violoncello"
65,4.0,65,4.25,M3,"Castanets, Claves, Conga, Double Bass, Drum Set, Viola, Violin I, Violin II, Violoncello"
65,4.0,65,4.25,M7,"Castanets, Claves, Conga, Double Bass, Drum Set, Viola, Violin I, Violin II, Violoncello"
65,4.25,65,4.5,M1,"Castanets, Conga, Double Bass, Viola, Violin I, Violin II, Violoncello"
65,4.25,65,4.5,M2,"Castanets, Conga, Double Bass, Viola, Violin I, Violin II, Violoncello"
65,4.25,65,4.5,M3,"Castanets, Conga, Double Bass, Viola, Violin I, Violin II, Violoncello"
65,4.25,65,4.5,M7,"Castanets, Conga, Double Bass, Viola, Violin I, Violin II, Violoncello"
65,4.5,65,4.75,M1,"Castanets, Conga, Double Bass, Drum Set, Percussion, Viola, Violin I, Violin II, Violoncello"
65,4.5,65,4.75,M2,"Castanets, Conga, Double Bass, Drum Set, Percussion, Viola, Violin I, Violin II, Violoncello"
65,4.5,65,4.75,M3,"Castanets, Conga, Double Bass, Drum Set, Percussion, Viola, Violin I, Violin II, Violoncello"
65,4.5,65,4.75,M7,"Castanets, Conga, Double Bass, Drum Set, Percussion, Viola, Violin I, Violin II, Violoncello"
65,4.75,66,1.0,M1,"Castanets, Conga, Double Bass, Viola, Violin I, Violin II, Violoncello"
65,4.75,66,1.0,M2,"Castanets, Conga, Double Bass, Viola, Violin I, Violin II, Violoncello"
65,4.75,66,1.0,M3,"Castanets, Conga, Double Bass, Viola, Violin I, Violin II, Violoncello"
65,4.75,66,1.0,M7,"Castanets, Conga, Double Bass, Viola, Violin I, Violin II, Violoncello"
66,1.0,66,1.25,M1,"Conga, Double Bass, Drum Set, Percussion, Solo Soprano Saxophone, Solo Violin, Solo Violoncello, Violoncello"
66,1.0,66,1.25,M2,"Conga, Double Bass, Drum Set, Percussion, Solo Soprano Saxophone, Solo Violin, Solo Violoncello, Violoncello"
66,1.0,69,1.0,M4,
66,1.0,66,1.25,M7,"Conga, Double Bass, Drum Set, Percussion, Solo Soprano Saxophone, Solo Violin, Solo Violoncello, Violoncello"
66,1.25,66,1.5,M1,"Double Bass, Violoncello"
66,1.25,66,1.5,M2,"Double Bass, Violoncello"
66,1.25,66,1.5,M7,"Double Bass, Violoncello"
66,1.5,66,1.75,M1,"Conga, Double Bass, Drum Set, Percussion, Violoncello"
66,1.5,66,1.75,M2,"Conga, Double Bass, Drum Set, Percussion, Violoncello"
66,1.5,66,1.75,M7,"Conga, Double Bass, Drum Set, Percussion, Violoncello"
66,1.75,66,2.0,M1,"Conga, Solo Soprano Saxophone"
66,1.75,66,2.0,M2,"Conga, Solo Soprano Saxophone"
66,1.75,66,2.0,M7,"Conga, Solo Soprano Saxophone"
66,2.0,66,2.25,M1,"Conga, Double Bass, Drum Set, Percussion, Solo Soprano Saxophone, Violoncello"
66,2.0,66,2.25,M2,"Conga, Double Bass, Drum Set, Percussion, Solo Soprano Saxophone, Violoncello"
66,2.0,66,2.25,M7,"Conga, Double Bass, Drum Set, Percussion, Solo Soprano Saxophone, Violoncello"
66,2.25,66,2.5,M1,"Double Bass, Solo Soprano Saxophone, Violoncello"
66,2.25,66,2.5,M2,"Double Bass, Solo Soprano Saxophone, Violoncello"
66,2.25,66,2.5,M7,"Double Bass, Solo Soprano Saxophone, Violoncello"
66,2.5,66,2.75,M1,"Conga, Double Bass, Drum Set, Percussion, Solo Soprano Saxophone, Violoncello"
66,2.5,66,2.75,M2,"Conga, Double Bass, Drum Set, Percussion, Solo Soprano Saxophone, Violoncello"
66,2.5,66,2.75,M7,"Conga, Double Bass, Drum Set, Percussion, Solo Soprano Saxophone, Violoncello"
66,2.75,66,3.0,M1,"Conga, Solo Soprano Saxophone"
66,2.75,66,3.0,M2,"Conga, Solo Soprano Saxophone"
66,2.75,66,3.0,M7,"Conga, Solo Soprano Saxophone"
66,3.0,66,3.25,M1,"Conga, Double Bass, Drum Set, Percussion, Solo Soprano Saxophone, Violoncello"
66,3.0,66,3.25,M2,"Conga, Double Bass, Drum Set, Percussion, Solo Soprano Saxophone, Violoncello"
66,3.0,66,3.25,M7,"Conga, Double Bass, Drum Set, Percussion, Solo Soprano Saxophone, Violoncello"
66,3.25,66,3.5,M1,"Double Bass, Violoncello"
66,3.25,66,3.5,M2,"Double Bass, Violoncello"
66,3.25,66,3.5,M7,"Double Bass, Violoncello"
66,3.5,66,3.75,M1,"Conga, Double Bass, Drum Set, Percussion, Violoncello"
66,3.5,66,3.75,M2,"Conga, Double Bass, Drum Set, Percussion, Violoncello"
66,3.5,66,3.75,M7,"Conga, Double Bass, Drum Set, Percussion, Violoncello"
66,3.75,66,4.0,M1,"Double Bass, Violoncello"
66,3.75,66,4.0,M2,"Double Bass, Violoncello"
66,3.75,66,4.0,M7,"Double Bass, Violoncello"
66,4.0,66,4.25,M1,"Conga, Double Bass, Drum Set, Percussion, Violoncello"
66,4.0,66,4.25,M2,"Conga, Double Bass, Drum Set, Percussion, Violoncello"
66,4.0,66,4.25,M7,"Conga, Double Bass, Drum Set, Percussion, Violoncello"
66,4.25,66,4.5,M1,Conga
66,4.25,66,4.5,M2,Conga
66,4.25,66,4.5,M7,Conga
66,4.5,66,4.75,M1,"Conga, Double Bass, Drum Set, Percussion, Solo Soprano Saxophone, Violoncello"
66,4.5,66,4.75,M2,"Conga, Double Bass, Drum Set, Percussion, Solo Soprano Saxophone, Violoncello"
66,4.5,66,4.75,M7,"Conga, Double Bass, Drum Set, Percussion, Solo Soprano Saxophone, Violoncello"
66,4.75,67,1.0,M1,Conga
66,4.75,67,1.0,M2,Conga
66,4.75,67,1.0,M7,Conga
67,1.0,67,1.25,M1,"Conga, Double Bass, Drum Set, Percussion, Solo Soprano Saxophone, Solo Violin, Solo Violoncello, Violoncello"
67,1.0,67,1.25,M2,"Conga, Double Bass, Drum Set, Percussion, Solo Soprano Saxophone, Solo Violin, Solo Violoncello, Violoncello"
67,1.0,70,1.0,M5,
67,1.0,67,1.25,M7,"Conga, Double Bass, Drum Set, Percussion, Solo Soprano Saxophone, Solo Violin, Solo Violoncello, Violoncello"
67,1.5,67,1.75,M1,"Claves, Conga, Double Bass, Drum Set, Trumpet (B Flat) (B Flat) (B Flat) 1, Trumpet (B Flat) (B Flat) (B Flat) 2, Violoncello"
67,1.5,67,1.75,M2,"Claves, Conga, Double Bass, Drum Set, Trumpet (B Flat) (B Flat) (B Flat) 1, Trumpet (B Flat) (B Flat) (B Flat) 2, Violoncello"
67,1.5,67,1.75,M7,"Claves, Conga, Double Bass, Drum Set, Trumpet (B Flat) (B Flat) (B Flat) 1, Trumpet (B Flat) (B Flat) (B Flat) 2, Violoncello"
67,1.75,67,2.0,M1,"Conga, Double Bass, Trumpet (B Flat) (B Flat) (B Flat) 1, Trumpet (B Flat) (B Flat) (B Flat) 2, Violoncello"
67,1.75,67,2.0,M2,"Conga, Double Bass, Trumpet (B Flat) (B Flat) (B Flat) 1, Trumpet (B Flat) (B Flat) (B Flat) 2, Violoncello"
67,1.75,67,2.0,M7,"Conga, Double Bass, Trumpet (B Flat) (B Flat) (B Flat) 1, Trumpet (B Flat) (B Flat) (B Flat) 2, Violoncello"
67,2.0,67,2.25,M1,"Claves, Conga, Double Bass, Drum Set, Trumpet (B Flat) (B Flat) (B Flat) 1, Trumpet (B Flat) (B Flat) (B Flat) 2, Violoncello"
67,2.0,67,2.25,M2,"Claves, Conga, Double Bass, Drum Set, Trumpet (B Flat) (B Flat) (B Flat) 1, Trumpet (B Flat) (B Flat) (B Flat) 2, Violoncello"
67,2.0,67,2.25,M7,"Claves, Conga, Double Bass, Drum Set, Trumpet (B Flat) (B Flat) (B Flat) 1, Trumpet (B Flat) (B Flat) (B Flat) 2, Violoncello"
67,2.5,67,2.75,M1,"Conga, Cowbell 1, Double Bass, Drum Set, Violoncello"
67,2.5,67,2.75,M2,"Conga, Cowbell 1, Double Bass, Drum Set, Violoncello"
67,2.5,67,2.75,M7,"Conga, Cowbell 1, Double Bass, Drum Set, Violoncello"
67,2.75,67,3.0,M1,"Conga, Double Bass, Violoncello"
67,2.75,67,3.0,M2,"Conga, Double Bass, Violoncello"
67,2.75,67,3.0,M7,"Conga, Double Bass, Violoncello"
67,3.0,67,3.25,M1,"Conga, Cowbell 1, Double Bass, Drum Set, Violoncello"
67,3.0,67,3.25,M2,"Conga, Cowbell 1, Double Bass, Drum Set, Violoncello"
67,3.0,67,3.25,M7,"Conga, Cowbell 1, Double Bass, Drum Set, Violoncello"
67,3.5,67,3.75,M1,"Claves, Conga, Double Bass, Drum Set, Trumpet (B Flat) (B Flat) (B Flat) 1, Trumpet (B Flat) (B Flat) (B Flat) 2, Violoncello"
67,3.5,67,3.75,M2,"Claves, Conga, Double Bass, Drum Set, Trumpet (B Flat) (B Flat) (B Flat) 1, Trumpet (B Flat) (B Flat) (B Flat) 2, Violoncello"
67,3.5,67,3.75,M7,"Claves, Conga, Double Bass, Drum Set, Trumpet (B Flat) (B Flat) (B Flat) 1, Trumpet (B Flat) (B Flat) (B Flat) 2, Violoncello"
67,4.0,67,4.25,M1,"Claves, Conga, Double Bass, Drum Set, Violoncello"
67,4.0,67,4.25,M2,"Claves, Conga, Double Bass, Drum Set, Violoncello"
67,4.0,67,4.25,M7,"Claves, Conga, Double Bass, Drum Set, Violoncello"
67,4.25,67,4.5,M1,"Conga, Double Bass, Violoncello"
67,4.25,67,4.5,M2,"Conga, Double Bass, Violoncello"
67,4.25,67,4.5,M7,"Conga, Double Bass, Violoncello"
67,4.5,67,4.75,M1,"Conga, Double Bass, Drum Set, Percussion, Trumpet (B Flat) (B Flat) (B Flat) 1, Trumpet (B Flat) (B Flat) (B Flat) 2, Violoncello"
67,4.5,67,4.75,M2,"Conga, Double Bass, Drum Set, Percussion, Trumpet (B Flat) (B Flat) (B Flat) 1, Trumpet (B Flat) (B Flat) (B Flat) 2, Violoncello"
67,4.5,67,4.75,M7,"Conga, Double Bass, Drum Set, Percussion, Trumpet (B Flat) (B Flat) (B Flat) 1, Trumpet (B Flat) (B Flat) (B Flat) 2, Violoncello"
67,4.75,68,1.0,M1,"Conga, Double Bass, Violoncello"
67,4.75,68,1.0,M2,"Conga, Double Bass, Violoncello"
67,4.75,68,1.0,M7,"Conga, Double Bass, Violoncello"
68,1.0,68,1.25,M1,"Conga, Double Bass, Drum Set, Percussion, Solo Soprano Saxophone, Solo Violin, Solo Violoncello, Trumpet (B Flat) (B Flat) (B Flat) 1, Trumpet (B Flat) (B Flat) (B Flat) 2, Violoncello"
68,1.0,68,1.25,M2,"Conga, Double Bass, Drum Set, Percussion, Solo Soprano Saxophone, Solo Violin, Solo Violoncello, Trumpet (B Flat) (B Flat) (B Flat) 1, Trumpet (B Flat) (B Flat) (B Flat) 2, Violoncello"
68,1.0,68,1.25,M7,"Conga, Double Bass, Drum Set, Percussion, Solo Soprano Saxophone, Solo Violin, Solo Violoncello, Trumpet (B Flat) (B Flat) (B Flat) 1, Trumpet (B Flat) (B Flat) (B Flat) 2, Violoncello"
68,1.25,68,1.5,M1,"Double Bass, Violoncello"
68,1.25,68,1.5,M2,"Double Bass, Violoncello"
68,1.25,68,1.5,M7,"Double Bass, Violoncello"
68,1.5,68,1.75,M1,"Conga, Double Bass, Drum Set, Oboe, Percussion, Violoncello"
68,1.5,68,1.75,M2,"Conga, Double Bass, Drum Set, Oboe, Percussion, Violoncello"
68,1.5,68,1.75,M7,"Conga, Double Bass, Drum Set, Oboe, Percussion, Violoncello"
68,1.75,68,2.0,M1,"Conga, Oboe"
68,1.75,68,2.0,M2,"Conga, Oboe"
68,1.75,68,2.0,M7,"Conga, Oboe"
68,2.0,68,2.25,M1,"Conga, Double Bass, Drum Set, Oboe, Percussion, Violoncello"
68,2.0,68,2.25,M2,"Conga, Double Bass, Drum Set, Oboe, Percussion, Violoncello"
68,2.0,68,2.25,M7,"Conga, Double Bass, Drum Set, Oboe, Percussion, Violoncello"
68,2.25,68,2.5,M1,"Double Bass, Violoncello"
68,2.25,68,2.5,M2,"Double Bass, Violoncello"
68,2.25,68,2.5,M7,"Double Bass, Violoncello"
68,2.5,68,2.75,M1,"Conga, Double Bass, Drum Set, Oboe, Percussion, Violoncello"
68,2.5,68,2.75,M2,"Conga, Double Bass, Drum Set, Oboe, Percussion, Violoncello"
68,2.5,68,2.75,M7,"Conga, Double Bass, Drum Set, Oboe, Percussion, Violoncello"
68,2.75,68,3.0,M1,"Conga, Oboe"
68,2.75,68,3.0,M2,"Conga, Oboe"
68,2.75,68,3.0,M7,"Conga, Oboe"
68,3.0,68,3.25,M1,"Conga, Double Bass, Drum Set, Flute 1, Flute 2, Oboe, Percussion, Violoncello"
68,3.0,68,3.25,M2,"Conga, Double Bass, Drum Set, Flute 1, Flute 2, Oboe, Percussion, Violoncello"
68,3.0,68,3.25,M7,"Conga, Double Bass, Drum Set, Flute 1, Flute 2, Oboe, Percussion, Violoncello"
68,3.25,68,3.5,M1,"Double Bass, Flute 1, Flute 2, Violoncello"
68,3.25,68,3.5,M2,"Double Bass, Flute 1, Flute 2, Violoncello"
68,3.25,68,3.5,M7,"Double Bass, Flute 1, Flute 2, Violoncello"
68,3.5,68,3.75,M1,"Clarinet (B Flat) (B Flat) (B Flat) 1, Clarinet (B Flat) (B Flat) (B Flat) 2, Conga, Double Bass, Drum Set, Flute 1, Flute 2, Percussion, Violoncello"
68,3.5,68,3.75,M2,"Clarinet (B Flat) (B Flat) (B Flat) 1, Clarinet (B Flat) (B Flat) (B Flat) 2, Conga, Double Bass, Drum Set, Flute 1, Flute 2, Percussion, Violoncello"
68,3.5,68,3.75,M7,"Clarinet (B Flat) (B Flat) (B Flat) 1, Clarinet (B Flat) (B Flat) (B Flat) 2, Conga, Double Bass, Drum Set, Flute 1, Flute 2, Percussion, Violoncello"
68,3.75,68,4.0,M1,"Clarinet (B Flat) (B Flat) (B Flat) 1, Clarinet (B Flat) (B Flat) (B Flat) 2, Double Bass, Violoncello"
68,3.75,68,4.0,M2,"Clarinet (B Flat) (B Flat) (B Flat) 1, Clarinet (B Flat) (B Flat) (B Flat) 2, Double Bass, Violoncello"
68,3.75,68,4.0,M7,"Clarinet (B Flat) (B Flat) (B Flat) 1, Clarinet (B Flat) (B Flat) (B Flat) 2, Double Bass, Violoncello"
68,4.0,68,4.25,M1,"Clarinet (B Flat) (B Flat) (B Flat) 1, Clarinet (B Flat) (B Flat) (B Flat) 2, Conga, Double Bass, Drum Set, Percussion, Violoncello"
68,4.0,68,4.25,M2,"Clarinet (B Flat) (B Flat) (B Flat) 1, Clarinet (B Flat) (B Flat) (B Flat) 2, Conga, Double Bass, Drum Set, Percussion, Violoncello"
68,4.0,68,4.25,M7,"Clarinet (B Flat) (B Flat) (B Flat) 1, Clarinet (B Flat) (B Flat) (B Flat) 2, Conga, Double Bass, Drum Set, Percussion, Violoncello"
68,4.25,68,4.5,M1,Conga
68,4.25,68,4.5,M2,Conga
68,4.25,68,4.5,M7,Conga
68,4.5,68,4.75,M1,"Clarinet (B Flat) (B Flat) (B Flat) 1, Clarinet (B Flat) (B Flat) (B Flat) 2, Conga, Double Bass, Drum Set, Percussion, Violoncello"
68,4.5,68,4.75,M2,"Clarinet (B Flat) (B Flat) (B Flat) 1, Clarinet (B Flat) (B Flat) (B Flat) 2, Conga, Double Bass, Drum Set, Percussion, Violoncello"
68,4.5,68,4.75,M7,"Clarinet (B Flat) (B Flat) (B Flat) 1, Clarinet (B Flat) (B Flat) (B Flat) 2, Conga, Double Bass, Drum Set, Percussion, Violoncello"
68,4.75,69,1.0,M1,"Clarinet (B Flat) (B Flat) (B Flat) 1, Clarinet (B Flat) (B Flat) (B Flat) 2, Conga"
68,4.75,69,1.0,M2,"Clarinet (B Flat) (B Flat) (B Flat) 1, Clarinet (B Flat) (B Flat) (B Flat) 2, Conga"
68,4.75,69,1.0,M7,"Clarinet (B Flat) (B Flat) (B Flat) 1, Clarinet (B Flat) (B Flat) (B Flat) 2, Conga"
69,1.0,69,1.25,M1,"Clarinet (B Flat) (B Flat) (B Flat) 1, Clarinet (B Flat) (B Flat) (B Flat) 2, Conga, Double Bass, Drum Set, Flute 1, Flute 2, Percussion, Solo Soprano Saxophone, Solo Violin, Solo Violoncello, Violoncello"
69,1.0,69,1.25,M2,"Clarinet (B Flat) (B Flat) (B Flat) 1, Clarinet (B Flat) (B Flat) (B Flat) 2, Conga, Double Bass, Drum Set, Flute 1, Flute 2, Percussion, Solo Soprano Saxophone, Solo Violin, Solo Violoncello, Violoncello"
69,1.0,69,1.25,M7,"Clarinet (B Flat) (B Flat) (B Flat) 1, Clarinet (B Flat) (B Flat) (B Flat) 2, Conga, Double Bass, Drum Set, Flute 1, Flute 2, Percussion, Solo Soprano Saxophone, Solo Violin, Solo Violoncello, Violoncello"
69,1.5,69,1.75,M1,"Claves, Conga, Double Bass, Drum Set, Solo Soprano Saxophone, Solo Violin, Solo Violoncello, Violoncello"
69,1.5,69,1.75,M2,"Claves, Conga, Double Bass, Drum Set, Solo Soprano Saxophone, Solo Violin, Solo Violoncello, Violoncello"
69,1.5,69,1.75,M7,"Claves, Conga, Double Bass, Drum Set, Solo Soprano Saxophone, Solo Violin, Solo Violoncello, Violoncello"
69,1.75,69,2.0,M1,"Conga, Double Bass, Solo Soprano Saxophone, Solo Violin, Solo Violoncello, Violoncello"
69,1.75,69,2.0,M2,"Conga, Double Bass, Solo Soprano Saxophone, Solo Violin, Solo Violoncello, Violoncello"
69,1.75,69,2.0,M7,"Conga, Double Bass, Solo Soprano Saxophone, Solo Violin, Solo Violoncello, Violoncello"
69,2.0,69,2.25,M1,"Claves, Conga, Double Bass, Drum Set, Solo Soprano Saxophone, Solo Violin, Solo Violoncello, Violoncello"
69,2.0,69,2.25,M2,"Claves, Conga, Double Bass, Drum Set, Solo Soprano Saxophone, Solo Violin, Solo Violoncello, Violoncello"
69,2.0,69,2.25,M7,"Claves, Conga, Double Bass, Drum Set, Solo Soprano Saxophone, Solo Violin, Solo Violoncello, Violoncello"
69,2.5,69,2.75,M1,"Conga, Cowbell 1, Double Bass, Drum Set, Solo Soprano Saxophone, Solo Violin, Solo Violoncello, Violoncello"
69,2.5,69,2.75,M2,"Conga, Cowbell 1, Double Bass, Drum Set, Solo Soprano Saxophone, Solo Violin, Solo Violoncello, Violoncello"
69,2.5,69,2.75,M7,"Conga, Cowbell 1, Double Bass, Drum Set, Solo Soprano Saxophone, Solo Violin, Solo Violoncello, Violoncello"
69,2.75,69,3.0,M1,"Conga, Double Bass, Solo Soprano Saxophone, Solo Violin, Solo Violoncello, Violoncello"
69,2.75,69,3.0,M2,"Conga, Double Bass, Solo Soprano Saxophone, Solo Violin, Solo Violoncello, Violoncello"
69,2.75,69,3.0,M7,"Conga, Double Bass, Solo Soprano Saxophone, Solo Violin, Solo Violoncello, Violoncello"
69,3.0,69,3.25,M1,"Conga, Cowbell 1, Double Bass, Drum Set, Solo Soprano Saxophone, Solo Violin, Solo Violoncello, Violoncello"
69,3.0,69,3.25,M2,"Conga, Cowbell 1, Double Bass, Drum Set, Solo Soprano Saxophone, Solo Violin, Solo Violoncello, Violoncello"
69,3.0,69,3.25,M7,"Conga, Cowbell 1, Double Bass, Drum Set, Solo Soprano Saxophone, Solo Violin, Solo Violoncello, Violoncello"
69,3.5,69,3.75,M1,"Claves, Conga, Double Bass, Drum Set, Violoncello"
69,3.5,69,3.75,M2,"Claves, Conga, Double Bass, Drum Set, Violoncello"
69,3.5,69,3.75,M7,"Claves, Conga, Double Bass, Drum Set, Violoncello"
69,3.75,69,4.0,M1,Solo Violin
69,3.75,69,4.0,M2,Solo Violin
69,3.75,69,4.0,M7,Solo Violin
69,4.0,69,4.25,M1,"Claves, Conga, Double Bass, Drum Set, Solo Violin, Violoncello"
69,4.0,69,4.25,M2,"Claves, Conga, Double Bass, Drum Set, Solo Violin, Violoncello"
69,4.0,69,4.25,M7,"Claves, Conga, Double Bass, Drum Set, Solo Violin, Violoncello"
69,4.25,69,4.5,M1,"Conga, Double Bass, Solo Violin"
69,4.25,69,4.5,M2,"Conga, Double Bass, Solo Violin"
69,4.25,69,4.5,M7,"Conga, Double Bass, Solo Violin"
69,4.5,69,4.75,M1,"Conga, Double Bass, Drum Set, Percussion, Solo Violin"
69,4.5,69,4.75,M2,"Conga, Double Bass, Drum Set, Percussion, Solo Violin"
69,4.5,69,4.75,M7,"Conga, Double Bass, Drum Set, Percussion, Solo Violin"
69,4.75,70,1.0,M1,"Conga, Double Bass, Solo Violin"
69,4.75,70,1.0,M2,"Conga, Double Bass, Solo Violin"
69,4.75,70,1.0,M7,"Conga, Double Bass, Solo Violin"
70,1.0,70,1.25,M1,"Clarinet (B Flat) (B Flat) (B Flat) 1, Clarinet (B Flat) (B Flat) (B Flat) 2, Drum Set, Oboe, Percussion, Solo Soprano Saxophone, Solo Violin, Solo Violoncello, Viola, Violin I, Violin II, Violoncello"
70,1.0,70,1.25,M6,"Clarinet (B Flat) (B Flat) (B Flat) 1, Clarinet (B Flat) (B Flat) (B Flat) 2, Drum Set, Oboe, Percussion, Solo Soprano Saxophone, Solo Violin, Solo Violoncello, Viola, Violin I, Violin II, Violoncello"
70,1.0,70,1.25,M7,"Clarinet (B Flat) (B Flat) (B Flat) 1, Clarinet (B Flat) (B Flat) (B Flat) 2, Drum Set, Oboe, Percussion, Solo Soprano Saxophone, Solo Violin, Solo Violoncello, Viola, Violin I, Violin II, Violoncello"
70,1.5,70,1.75,M1,"Drum Set, Percussion, Solo Soprano Saxophone, Solo Violin, Solo Violoncello, Viola, Violin I, Violin II, Violoncello"
70,1.5,70,1.75,M6,"Drum Set, Percussion, Solo Soprano Saxophone, Solo Violin, Solo Violoncello, Viola, Violin I, Violin II, Violoncello"
70,1.5,70,1.75,M7,"Drum Set, Percussion, Solo Soprano Saxophone, Solo Violin, Solo Violoncello, Viola, Violin I, Violin II, Violoncello"
70,1.75,70,2.0,M1,"Clarinet (B Flat) (B Flat) (B Flat) 1, Clarinet (B Flat) (B Flat) (B Flat) 2, Oboe"
70,1.75,70,2.0,M6,"Clarinet (B Flat) (B Flat) (B Flat) 1, Clarinet (B Flat) (B Flat) (B Flat) 2, Oboe"
70,1.75,70,2.0,M7,"Clarinet (B Flat) (B Flat) (B Flat) 1, Clarinet (B Flat) (B Flat) (B Flat) 2, Oboe"
70,2.0,70,2.25,M1,"Clarinet (B Flat) (B Flat) (B Flat) 1, Clarinet (B Flat) (B Flat) (B Flat) 2, Drum Set, Oboe, Percussion"
70,2.0,70,2.25,M6,"Clarinet (B Flat) (B Flat) (B Flat) 1, Clarinet (B Flat) (B Flat) (B Flat) 2, Drum Set, Oboe, Percussion"
70,2.0,70,2.25,M7,"Clarinet (B Flat) (B Flat) (B Flat) 1, Clarinet (B Flat) (B Flat) (B Flat) 2, Drum Set, Oboe, Percussion"
70,2.25,70,2.5,M1,"Clarinet (B Flat) (B Flat) (B Flat) 1, Clarinet (B Flat) (B Flat) (B Flat) 2, Oboe"
70,2.25,70,2.5,M6,"Clarinet (B Flat) (B Flat) (B Flat) 1, Clarinet (B Flat) (B Flat) (B Flat) 2, Oboe"
70,2.25,70,2.5,M7,"Clarinet (B Flat) (B Flat) (B Flat) 1, Clarinet (B Flat) (B Flat) (B Flat) 2, Oboe"
70,2.5,70,2.75,M1,"Clarinet (B Flat) (B Flat) (B Flat) 1, Clarinet (B Flat) (B Flat) (B Flat) 2, Drum Set, Oboe, Percussion, Solo Soprano Saxophone, Solo Violin, Solo Violoncello, Viola, Violin I, Violin II, Violoncello"
70,2.5,70,2.75,M6,"Clarinet (B Flat) (B Flat) (B Flat) 1, Clarinet (B Flat) (B Flat) (B Flat) 2, Drum Set, Oboe, Percussion, Solo Soprano Saxophone, Solo Violin, Solo Violoncello, Viola, Violin I, Violin II, Violoncello"
70,2.5,70,2.75,M7,"Clarinet (B Flat) (B Flat) (B Flat) 1, Clarinet (B Flat) (B Flat) (B Flat) 2, Drum Set, Oboe, Percussion, Solo Soprano Saxophone, Solo Violin, Solo Violoncello, Viola, Violin I, Violin II, Violoncello"
70,2.75,70,3.0,M1,"Clarinet (B Flat) (B Flat) (B Flat) 1, Clarinet (B Flat) (B Flat) (B Flat) 2, Oboe"
70,2.75,70,3.0,M6,"Clarinet (B Flat) (B Flat) (B Flat) 1, Clarinet (B Flat) (B Flat) (B Flat) 2, Oboe"
70,2.75,70,3.0,M7,"Clarinet (B Flat) (B Flat) (B Flat) 1, Clarinet (B Flat) (B Flat) (B Flat) 2, Oboe"
70,3.0,70,3.25,M1,"Clarinet (B Flat) (B Flat) (B Flat) 1, Clarinet (B Flat) (B Flat) (B Flat) 2, Drum Set, Oboe, Percussion, Solo Soprano Saxophone, Solo Violin, Solo Violoncello, Viola, Violin I, Violin II, Violoncello"
70,3.0,70,3.25,M6,"Clarinet (B Flat) (B Flat) (B Flat) 1, Clarinet (B Flat) (B Flat) (B Flat) 2, Drum Set, Oboe, Percussion, Solo Soprano Saxophone, Solo Violin, Solo Violoncello, Viola, Violin I, Violin II, Violoncello"
70,3.0,70,3.25,M7,"Clarinet (B Flat) (B Flat) (B Flat) 1, Clarinet (B Flat) (B Flat) (B Flat) 2, Drum Set, Oboe, Percussion, Solo Soprano Saxophone, Solo Violin, Solo Violoncello, Viola, Violin I, Violin II, Violoncello"
70,3.5,70,3.75,M1,"Drum Set, Percussion, Solo Soprano Saxophone, Solo Violin, Solo Violoncello, Viola, Violin I, Violin II, Violoncello"
70,3.5,70,3.75,M6,"Drum Set, Percussion, Solo Soprano Saxophone, Solo Violin, Solo Violoncello, Viola, Violin I, Violin II, Violoncello"
70,3.5,70,3.75,M7,"Drum Set, Percussion, Solo Soprano Saxophone, Solo Violin, Solo Violoncello, Viola, Violin I, Violin II, Violoncello"
70,4.0,70,4.25,M1,"Drum Set, Percussion"
70,4.0,70,4.25,M6,"Drum Set, Percussion"
70,4.0,70,4.25,M7,"Drum Set, Percussion"
70,4.5,70,4.75,M1,"Clarinet (B Flat) (B Flat) (B Flat) 1, Clarinet (B Flat) (B Flat) (B Flat) 2, Drum Set, Oboe, Percussion"
70,4.5,70,4.75,M6,"Clarinet (B Flat) (B Flat) (B Flat) 1, Clarinet (B Flat) (B Flat) (B Flat) 2, Drum Set, Oboe, Percussion"
70,4.5,70,4.75,M7,"Clarinet (B Flat) (B Flat) (B Flat) 1, Clarinet (B Flat) (B Flat) (B Flat) 2, Drum Set, Oboe, Percussion"
71,1.0,71,1.25,M1,"Drum Set, Percussion, Solo Soprano Saxophone, Solo Violin, Solo Violoncello, Viola, Violin I, Violin II, Violoncello"
71,1.0,75,1.0,M5,
71,1.0,71,1.25,M6,"Drum Set, Percussion, Solo Soprano Saxophone, Solo Violin, Solo Violoncello, Viola, Violin I, Violin II, Violoncello"
71,1.0,71,1.25,M7,"Drum Set, Percussion, Solo Soprano Saxophone, Solo Violin, Solo Violoncello, Viola, Violin I, Violin II, Violoncello"
71,1.5,71,1.75,M1,"Claves, Drum Set, Trumpet (B Flat) (B Flat) (B Flat) 1, Trumpet (B Flat) (B Flat) (B Flat) 2"
71,1.5,71,1.75,M6,"Claves, Drum Set, Trumpet (B Flat) (B Flat) (B Flat) 1, Trumpet (B Flat) (B Flat) (B Flat) 2"
71,1.5,71,1.75,M7,"Claves, Drum Set, Trumpet (B Flat) (B Flat) (B Flat) 1, Trumpet (B Flat) (B Flat) (B Flat) 2"
71,1.75,71,2.0,M1,"Trumpet (B Flat) (B Flat) (B Flat) 1, Trumpet (B Flat) (B Flat) (B Flat) 2"
71,1.75,71,2.0,M6,"Trumpet (B Flat) (B Flat) (B Flat) 1, Trumpet (B Flat) (B Flat) (B Flat) 2"
71,1.75,71,2.0,M7,"Trumpet (B Flat) (B Flat) (B Flat) 1, Trumpet (B Flat) (B Flat) (B Flat) 2"
71,2.0,71,2.25,M1,"Claves, Drum Set, Trumpet (B Flat) (B Flat) (B Flat) 1, Trumpet (B Flat) (B Flat) (B Flat) 2"
71,2.0,71,2.25,M6,"Claves, Drum Set, Trumpet (B Flat) (B Flat) (B Flat) 1, Trumpet (B Flat) (B Flat) (B Flat) 2"
71,2.0,71,2.25,M7,"Claves, Drum Set, Trumpet (B Flat) (B Flat) (B Flat) 1, Trumpet (B Flat) (B Flat) (B Flat) 2"
71,2.5,71,2.75,M1,"Cowbell 1, Drum Set"
71,2.5,71,2.75,M6,"Cowbell 1, Drum Set"
71,2.5,71,2.75,M7,"Cowbell 1, Drum Set"
71,3.0,71,3.25,M1,"Cowbell 1, Drum Set"
71,3.0,71,3.25,M6,"Cowbell 1, Drum Set"
71,3.0,71,3.25,M7,"Cowbell 1, Drum Set"
71,3.5,71,3.75,M1,"Claves, Drum Set, Trumpet (B Flat) (B Flat) (B Flat) 1, Trumpet (B Flat) (B Flat) (B Flat) 2"
71,3.5,71,3.75,M6,"Claves, Drum Set, Trumpet (B Flat) (B Flat) (B Flat) 1, Trumpet (B Flat) (B Flat) (B Flat) 2"
71,3.5,71,3.75,M7,"Claves, Drum Set, Trumpet (B Flat) (B Flat) (B Flat) 1, Trumpet (B Flat) (B Flat) (B Flat) 2"
71,4.0,71,4.25,M1,"Claves, Drum Set"
71,4.0,71,4.25,M6,"Claves, Drum Set"
71,4.0,71,4.25,M7,"Claves, Drum Set"
71,4.5,71,4.75,M1,"Drum Set, Percussion, Trumpet (B Flat) (B Flat) (B Flat) 1, Trumpet (B Flat) (B Flat) (B Flat) 2"
71,4.5,71,4.75,M6,"Drum Set, Percussion, Trumpet (B Flat) (B Flat) (B Flat) 1, Trumpet (B Flat) (B Flat) (B Flat) 2"
71,4.5,71,4.75,M7,"Drum Set, Percussion, Trumpet (B Flat) (B Flat) (B Flat) 1, Trumpet (B Flat) (B Flat) (B Flat) 2"
72,1.0,72,1.25,M1,"Drum Set, Percussion, Solo Soprano Saxophone, Solo Violin, Solo Violoncello, Trumpet (B Flat) (B Flat) (B Flat) 1, Trumpet (B Flat) (B Flat) (B Flat) 2, Viola, Violin I"
72,1.0,72,1.25,M6,"Drum Set, Percussion, Solo Soprano Saxophone, Solo Violin, Solo Violoncello, Trumpet (B Flat) (B Flat) (B Flat) 1, Trumpet (B Flat) (B Flat) (B Flat) 2, Viola, Violin I"
72,1.0,72,1.25,M7,"Drum Set, Percussion, Solo Soprano Saxophone, Solo Violin, Solo Violoncello, Trumpet (B Flat) (B Flat) (B Flat) 1, Trumpet (B Flat) (B Flat) (B Flat) 2, Viola, Violin I"
72,1.5,72,1.75,M1,"Drum Set, Percussion"
72,1.5,72,1.75,M6,"Drum Set, Percussion"
72,1.5,72,1.75,M7,"Drum Set, Percussion"
72,2.0,72,2.25,M1,"Drum Set, Percussion"
72,2.0,72,2.25,M6,"Drum Set, Percussion"
72,2.0,72,2.25,M7,"Drum Set, Percussion"
72,2.5,72,2.75,M1,"Drum Set, Percussion"
72,2.5,72,2.75,M6,"Drum Set, Percussion"
72,2.5,72,2.75,M7,"Drum Set, Percussion"
72,3.0,72,3.25,M1,"Drum Set, Percussion"
72,3.0,72,3.25,M6,"Drum Set, Percussion"
72,3.0,72,3.25,M7,"Drum Set, Percussion"
72,3.5,72,3.75,M1,"Drum Set, Percussion"
72,3.5,72,3.75,M6,"Drum Set, Percussion"
72,3.5,72,3.75,M7,"Drum Set, Percussion"
72,4.0,72,4.25,M1,"Drum Set, Percussion"
72,4.0,72,4.25,M6,"Drum Set, Percussion"
72,4.0,72,4.25,M7,"Drum Set, Percussion"
72,4.5,72,4.75,M1,"Drum Set, Percussion"
72,4.5,72,4.75,M6,"Drum Set, Percussion"
72,4.5,72,4.75,M7,"Drum Set, Percussion"
73,1.0,73,1.25,M1,"Drum Set, Percussion, Solo Soprano Saxophone, Solo Violin, Solo Violoncello, Viola, Violin I, Violin II, Violoncello"
73,1.0,73,1.25,M6,"Drum Set, Percussion, Solo Soprano Saxophone, Solo Violin, Solo Violoncello, Viola, Violin I, Violin II, Violoncello"
73,1.0,73,1.25,M7,"Drum Set, Percussion, Solo Soprano Saxophone, Solo Violin, Solo Violoncello, Viola, Violin I, Violin II, Violoncello"
73,1.5,73,1.75,M1,"Bassoon, Clarinet (B Flat) (B Flat) (B Flat) 1, Clarinet (B Flat) (B Flat) (B Flat) 2, Claves, Drum Set, Flute 1, Flute 2, Oboe, Solo Soprano Saxophone, Solo Violin, Solo Violoncello, Trumpet (B Flat) (B Flat) (B Flat) 1, Trumpet (B Flat) (B Flat) (B Flat) 2, Viola, Violin I, Violin II, Violoncello"
73,1.5,73,1.75,M6,"Bassoon, Clarinet (B Flat) (B Flat) (B Flat) 1, Clarinet (B Flat) (B Flat) (B Flat) 2, Claves, Drum Set, Flute 1, Flute 2, Oboe, Solo Soprano Saxophone, Solo Violin, Solo Violoncello, Trumpet (B Flat) (B Flat) (B Flat) 1, Trumpet (B Flat) (B Flat) (B Flat) 2, Viola, Violin I, Violin II, Violoncello"
73,1.5,73,1.75,M7,"Bassoon, Clarinet (B Flat) (B Flat) (B Flat) 1, Clarinet (B Flat) (B Flat) (B Flat) 2, Claves, Drum Set, Flute 1, Flute 2, Oboe, Solo Soprano Saxophone, Solo Violin, Solo Violoncello, Trumpet (B Flat) (B Flat) (B Flat) 1, Trumpet (B Flat) (B Flat) (B Flat) 2, Viola, Violin I, Violin II, Violoncello"
73,2.0,73,2.25,M1,"Bassoon, Clarinet (B Flat) (B Flat) (B Flat) 1, Clarinet (B Flat) (B Flat) (B Flat) 2, Claves, Drum Set, Flute 1, Flute 2, Oboe, Trumpet (B Flat) (B Flat) (B Flat) 1, Trumpet (B Flat) (B Flat) (B Flat) 2"
73,2.0,73,2.25,M6,"Bassoon, Clarinet (B Flat) (B Flat) (B Flat) 1, Clarinet (B Flat) (B Flat) (B Flat) 2, Claves, Drum Set, Flute 1, Flute 2, Oboe, Trumpet (B Flat) (B Flat) (B Flat) 1, Trumpet (B Flat) (B Flat) (B Flat) 2"
73,2.0,73,2.25,M7,"Bassoon, Clarinet (B Flat) (B Flat) (B Flat) 1, Clarinet (B Flat) (B Flat) (B Flat) 2, Claves, Drum Set, Flute 1, Flute 2, Oboe, Trumpet (B Flat) (B Flat) (B Flat) 1, Trumpet (B Flat) (B Flat) (B Flat) 2"
73,2.5,73,2.75,M1,"Cowbell 1, Drum Set, Solo Soprano Saxophone, Solo Violin, Solo Violoncello, Viola, Violin I, Violin II, Violoncello"
73,2.5,73,2.75,M6,"Cowbell 1, Drum Set, Solo Soprano Saxophone, Solo Violin, Solo Violoncello, Viola, Violin I, Violin II, Violoncello"
73,2.5,73,2.75,M7,"Cowbell 1, Drum Set, Solo Soprano Saxophone, Solo Violin, Solo Violoncello, Viola, Violin I, Violin II, Violoncello"
73,3.0,73,3.25,M1,"Cowbell 1, Drum Set, Solo Soprano Saxophone, Solo Violin, Solo Violoncello, Viola, Violin I, Violin II, Violoncello"
73,3.0,73,3.25,M6,"Cowbell 1, Drum Set, Solo Soprano Saxophone, Solo Violin, Solo Violoncello, Viola, Violin I, Violin II, Violoncello"
73,3.0,73,3.25,M7,"Cowbell 1, Drum Set, Solo Soprano Saxophone, Solo Violin, Solo Violoncello, Viola, Violin I, Violin II, Violoncello"
73,3.5,73,3.75,M1,"Bassoon, Clarinet (B Flat) (B Flat) (B Flat) 1, Clarinet (B Flat) (B Flat) (B Flat) 2, Claves, Drum Set, Flute 1, Flute 2, Oboe, Solo Soprano Saxophone, Solo Violin, Solo Violoncello, Trumpet (B Flat) (B Flat) (B Flat) 1, Trumpet (B Flat) (B Flat) (B Flat) 2, Viola, Violin I, Violin II, Violoncello"
73,3.5,73,3.75,M6,"Bassoon, Clarinet (B Flat) (B Flat) (B Flat) 1, Clarinet (B Flat) (B Flat) (B Flat) 2, Claves, Drum Set, Flute 1, Flute 2, Oboe, Solo Soprano Saxophone, Solo Violin, Solo Violoncello, Trumpet (B Flat) (B Flat) (B Flat) 1, Trumpet (B Flat) (B Flat) (B Flat) 2, Viola, Violin I, Violin II, Violoncello"
73,3.5,73,3.75,M7,"Bassoon, Clarinet (B Flat) (B Flat) (B Flat) 1, Clarinet (B Flat) (B Flat) (B Flat) 2, Claves, Drum Set, Flute 1, Flute 2, Oboe, Solo Soprano Saxophone, Solo Violin, Solo Violoncello, Trumpet (B Flat) (B Flat) (B Flat) 1, Trumpet (B Flat) (B Flat) (B Flat) 2, Viola, Violin I, Violin II, Violoncello"
73,4.0,73,4.25,M1,"Bassoon, Clarinet (B Flat) (B Flat) (B Flat) 1, Clarinet (B Flat) (B Flat) (B Flat) 2, Claves, Drum Set, Flute 1, Flute 2, Oboe, Trumpet (B Flat) (B Flat) (B Flat) 1, Trumpet (B Flat) (B Flat) (B Flat) 2"
73,4.0,73,4.25,M6,"Bassoon, Clarinet (B Flat) (B Flat) (B Flat) 1, Clarinet (B Flat) (B Flat) (B Flat) 2, Claves, Drum Set, Flute 1, Flute 2, Oboe, Trumpet (B Flat) (B Flat) (B Flat) 1, Trumpet (B Flat) (B Flat) (B Flat) 2"
73,4.0,73,4.25,M7,"Bassoon, Clarinet (B Flat) (B Flat) (B Flat) 1, Clarinet (B Flat) (B Flat) (B Flat) 2, Claves, Drum Set, Flute 1, Flute 2, Oboe, Trumpet (B Flat) (B Flat) (B Flat) 1, Trumpet (B Flat) (B Flat) (B Flat) 2"
73,4.5,73,4.75,M1,"Drum Set, Percussion"
73,4.5,73,4.75,M6,"Drum Set, Percussion"
73,4.5,73,4.75,M7,"Drum Set, Percussion"
74,1.0,74,1.25,M1,"Drum Set, Percussion, Solo Violin, Solo Violoncello, Viola, Violin I, Violin II, Violoncello"
74,1.0,74,1.25,M7,"Drum Set, Percussion, Solo Violin, Solo Violoncello, Viola, Violin I, Violin II, Violoncello"
74,1.5,74,1.75,M1,"Drum Set, Percussion, Solo Soprano Saxophone"
74,1.5,74,1.75,M7,"Drum Set, Percussion, Solo Soprano Saxophone"
74,1.75,74,2.0,M1,Solo Soprano Saxophone
74,1.75,74,2.0,M7,Solo Soprano Saxophone
74,2.0,74,2.25,M1,"Drum Set, Percussion, Solo Soprano Saxophone"
74,2.0,74,2.25,M7,"Drum Set, Percussion, Solo Soprano Saxophone"
74,2.5,74,2.75,M1,"Drum Set, Percussion, Solo Soprano Saxophone"
74,2.5,74,2.75,M7,"Drum Set, Percussion, Solo Soprano Saxophone"
74,2.75,74,3.0,M1,Solo Soprano Saxophone
74,2.75,74,3.0,M7,Solo Soprano Saxophone
74,3.0,74,3.25,M1,"Drum Set, Percussion, Solo Soprano Saxophone"
74,3.0,74,3.25,M7,"Drum Set, Percussion, Solo Soprano Saxophone"
74,3.5,74,3.75,M1,"Drum Set, Percussion"
74,3.5,74,3.75,M7,"Drum Set, Percussion"
74,4.0,74,4.25,M1,"Drum Set, Percussion"
74,4.0,74,4.25,M7,"Drum Set, Percussion"
74,4.5,74,4.75,M1,"Drum Set, Percussion"
74,4.5,74,4.75,M7,"Drum Set, Percussion"
75,1.0,75,1.25,M6,"Solo Soprano Saxophone, Solo Violin, Solo Violoncello"
75,1.0,75,1.25,M7,"Double Bass, Solo Soprano Saxophone, Solo Violin, Solo Violoncello, Violoncello"
75,1.25,75,1.5,M7,"Solo Soprano Saxophone, Solo Violin, Solo Violoncello"
75,1.5,75,1.75,M6,"Solo Soprano Saxophone, Solo Violin, Solo Violoncello"
75,1.5,75,1.75,M7,"Double Bass, Solo Soprano Saxophone, Solo Violin, Solo Violoncello, Violoncello"
75,1.75,75,2.0,M7,"Solo Soprano Saxophone, Solo Violin, Solo Violoncello"
75,2.0,75,2.25,M7,"Double Bass, Solo Soprano Saxophone, Solo Violin, Solo Violoncello, Violoncello"
75,2.25,75,2.5,M7,"Solo Soprano Saxophone, Solo Violin, Solo Violoncello"
75,2.5,75,2.75,M6,"Solo Soprano Saxophone, Solo Violin, Solo Violoncello"
75,2.5,75,2.75,M7,"Double Bass, Solo Soprano Saxophone, Solo Violin, Solo Violoncello, Violoncello"
75,2.75,75,3.0,M7,"Solo Soprano Saxophone, Solo Violin, Solo Violoncello"
75,3.0,75,3.25,M6,"Solo Soprano Saxophone, Solo Violin, Solo Violoncello"
75,3.0,75,3.25,M7,"Double Bass, Solo Soprano Saxophone, Solo Violin, Solo Violoncello, Violoncello"
75,3.25,75,3.5,M7,"Solo Soprano Saxophone, Solo Violin, Solo Violoncello"
75,3.5,75,3.75,M6,"Solo Soprano Saxophone, Solo Violin, Solo Violoncello"
75,3.5,75,3.75,M7,"Double Bass, Solo Soprano Saxophone, Solo Violin, Solo Violoncello, Violoncello"
75,3.75,75,4.0,M7,"Solo Soprano Saxophone, Solo Violin, Solo Violoncello"
75,4.0,75,4.25,M7,"Double Bass, Solo Soprano Saxophone, Solo Violin, Solo Violoncello, Violoncello"
75,4.25,75,4.5,M7,"Solo Soprano Saxophone, Solo Violin, Solo Violoncello"
75,4.5,75,4.75,M7,"Double Bass, Solo Soprano Saxophone, Solo Violin, Solo Violoncello, Violoncello"
75,4.75,76,1.0,M7,"Solo Soprano Saxophone, Solo Violin, Solo Violoncello"
76,1.0,77,1.0,M5,
76,1.0,76,1.25,M7,"Double Bass, Solo Soprano Saxophone, Solo Violin, Solo Violoncello, Violoncello"
76,1.5,76,1.75,M7,"Double Bass, Violoncello"
76,2.0,76,2.25,M7,"Double Bass, Violoncello"
76,2.5,76,2.75,M7,"Double Bass, Solo Soprano Saxophone, Solo Violin, Solo Violoncello, Violoncello"
76,3.0,76,3.25,M7,"Double Bass, Solo Soprano Saxophone, Solo Violin, Solo Violoncello, Violoncello"
76,3.5,76,3.75,M7,"Double Bass, Violoncello"
76,4.0,76,4.25,M7,"Double Bass, Violoncello"
76,4.5,76,4.75,M7,"Double Bass, Violoncello"
76,5.0,77,1.0,M7,"Double Bass, Violoncello"
76,5.5,77,1.0,M7,"Double Bass, Solo Soprano Saxophone, Violoncello"
76,5.75,77,1.0,M7,Solo Soprano Saxophone
76,6.0,77,1.0,M7,"Double Bass, Solo Soprano Saxophone, Violoncello"
76,6.5,77,1.0,M7,"Double Bass, Violoncello"
76,7.0,77,1.0,M7,"Double Bass, Violoncello"
76,7.5,77,1.0,M7,"Double Bass, Violoncello"
76,8.0,77,1.0,M7,"Double Bass, Violoncello"
76,8.25,77,1.0,M7,Solo Violin
76,8.5,77,1.0,M7,"Double Bass, Solo Violin, Violoncello"
76,8.75,77,1.0,M7,Solo Violin
77,1.0,77,1.25,M7,"Double Bass, Solo Violin, Violoncello"
77,1.5,77,1.75,M7,"Double Bass, Violoncello"
77,2.0,77,2.25,M7,"Double Bass, Violoncello"
77,2.5,77,2.75,M7,"Double Bass, Violoncello"
77,3.0,77,3.25,M7,"Double Bass, Violoncello"
77,3.5,77,3.75,M7,"Double Bass, Violoncello"
77,4.0,77,4.25,M7,"Double Bass, Violoncello"
77,4.5,77,4.75,M7,"Double Bass, Violoncello"
78,1.0,78,1.25,M7,"Double Bass, Solo Soprano Saxophone, Solo Violin, Violoncello"
78,1.5,78,1.75,M7,"Double Bass, Violoncello"
78,2.0,78,2.25,M7,"Double Bass, Violoncello"
78,2.5,78,2.75,M7,"Double Bass, Violoncello"
78,3.0,78,3.25,M7,"Double Bass, Violoncello"
78,3.5,78,3.75,M7,"Double Bass, Violoncello"
78,4.0,78,4.25,M7,"Double Bass, Violoncello"
78,4.5,78,4.75,M7,"Double Bass, Violoncello"
79,1.0,79,1.25,M7,"Double Bass, Violoncello"
79,1.5,79,1.75,M7,Violoncello
79,2.0,79,2.25,M7,"Double Bass, Violoncello"
79,2.5,79,2.75,M7,Violoncello
79,3.0,79,3.25,M7,"Double Bass, Violoncello"
79,3.5,79,3.75,M7,Violoncello
79,4.0,79,4.25,M7,"Double Bass, Violoncello"
79,4.5,79,4.75,M7,Violoncello
80,1.0,97,1.0,M12,
80,1.0,80,1.25,M6,"Double Bass, Violoncello"
80,1.0,80,1.25,M7,"Double Bass, Violoncello"
80,1.5,80,1.75,M6,"Double Bass, Viola, Violin I, Violin II, Violoncello"
80,1.5,80,1.75,M7,"Double Bass, Viola, Violin I, Violin II, Violoncello"
80,2.0,80,2.25,M6,"Double Bass, Violoncello"
80,2.0,80,2.25,M7,"Double Bass, Violoncello"
80,2.5,80,2.75,M6,"Double Bass, Viola, Violin I, Violin II, Violoncello"
80,2.5,80,2.75,M7,"Double Bass, Viola, Violin I, Violin II, Violoncello"
80,3.0,80,3.25,M6,"Double Bass, Violoncello"
80,3.0,80,3.25,M7,"Double Bass, Violoncello"
80,3.5,80,3.75,M6,"Double Bass, Violoncello"
80,3.5,80,3.75,M7,"Double Bass, Violoncello"
80,4.0,80,4.25,M6,"Double Bass, Violoncello"
80,4.0,80,4.25,M7,"Double Bass, Violoncello"
80,4.5,80,4.75,M6,"Double Bass, Violoncello"
80,4.5,80,4.75,M7,"Double Bass, Violoncello"
81,1.0,81,1.25,M6,"Double Bass, Violoncello"
81,1.0,81,1.25,M7,"Double Bass, Violoncello"
81,1.5,81,1.75,M6,"Double Bass, Viola, Violin I, Violin II, Violoncello"
81,1.5,81,1.75,M7,"Double Bass, Viola, Violin I, Violin II, Violoncello"
81,1.75,81,2.0,M6,"Viola, Violin I, Violin II"
81,1.75,81,2.0,M7,"Viola, Violin I, Violin II"
81,2.0,81,2.25,M6,"Double Bass, Violoncello"
81,2.0,81,2.25,M7,"Double Bass, Violoncello"
81,2.5,81,2.75,M6,"Double Bass, Viola, Violin I, Violin II, Violoncello"
81,2.5,81,2.75,M7,"Double Bass, Viola, Violin I, Violin II, Violoncello"
81,3.0,81,3.25,M6,"Double Bass, Violoncello"
81,3.0,81,3.25,M7,"Double Bass, Violoncello"
81,3.5,81,3.75,M6,"Double Bass, Viola, Violin I, Violin II, Violoncello"
81,3.5,81,3.75,M7,"Double Bass, Viola, Violin I, Violin II, Violoncello"
81,4.0,81,4.25,M6,"Double Bass, Violoncello"
81,4.0,81,4.25,M7,"Double Bass, Violoncello"
81,4.5,81,4.75,M6,"Double Bass, Viola, Violin I, Violin II, Violoncello"
81,4.5,81,4.75,M7,"Double Bass, Viola, Violin I, Violin II, Violoncello"
81,4.75,82,1.0,M6,"Viola, Violin I, Violin II"
81,4.75,82,1.0,M7,"Viola, Violin I, Violin II"
82,1.0,82,1.25,M6,"Double Bass, Violoncello"
82,1.0,82,1.25,M7,"Double Bass, Violoncello"
82,1.5,82,1.75,M6,"Double Bass, Viola, Violin I, Violin II, Violoncello"
82,1.5,82,1.75,M7,"Double Bass, Viola, Violin I, Violin II, Violoncello"
82,2.0,82,2.25,M6,"Double Bass, Violoncello"
82,2.0,82,2.25,M7,"Double Bass, Violoncello"
82,2.5,82,2.75,M6,"Double Bass, Viola, Violin I, Violin II, Violoncello"
82,2.5,82,2.75,M7,"Double Bass, Viola, Violin I, Violin II, Violoncello"
82,3.0,82,3.25,M6,"Double Bass, Violoncello"
82,3.0,82,3.25,M7,"Double Bass, Violoncello"
82,3.5,82,3.75,M6,"Double Bass, Violoncello"
82,3.5,82,3.75,M7,"Double Bass, Violoncello"
82,4.0,82,4.25,M6,"Double Bass, Violoncello"
82,4.0,82,4.25,M7,"Double Bass, Violoncello"
82,4.5,82,4.75,M6,"Double Bass, Violoncello"
82,4.5,82,4.75,M7,"Double Bass, Violoncello"
83,1.0,83,1.25,M6,"Double Bass, Violoncello"
83,1.0,83,1.25,M7,"Double Bass, Violoncello"
83,1.5,83,1.75,M6,"Viola, Violin I, Violin II, Violoncello"
83,1.5,83,1.75,M7,"Viola, Violin I, Violin II, Violoncello"
83,1.75,83,2.0,M6,"Viola, Violin I, Violin II"
83,1.75,83,2.0,M7,"Viola, Violin I, Violin II"
83,2.0,83,2.25,M6,"Double Bass, Violoncello"
83,2.0,83,2.25,M7,"Double Bass, Violoncello"
83,2.5,83,2.75,M6,"Viola, Violin I, Violin II, Violoncello"
83,2.5,83,2.75,M7,"Viola, Violin I, Violin II, Violoncello"
83,3.0,83,3.25,M6,"Double Bass, Violoncello"
83,3.0,83,3.25,M7,"Double Bass, Violoncello"
83,3.5,83,3.75,M6,"Viola, Violin I, Violin II, Violoncello"
83,3.5,83,3.75,M7,"Viola, Violin I, Violin II, Violoncello"
83,4.0,83,4.25,M6,"Double Bass, Violoncello"
83,4.0,83,4.25,M7,"Double Bass, Violoncello"
83,4.5,83,4.75,M6,"Viola, Violin I, Violin II, Violoncello"
83,4.5,83,4.75,M7,"Viola, Violin I, Violin II, Violoncello"
83,4.75,84,1.0,M6,"Viola, Violin I, Violin II"
83,4.75,84,1.0,M7,"Viola, Violin I, Violin II"
84,1.0,84,1.25,M7,"Double Bass, Vibraphone, Violoncello"
84,1.5,84,1.75,M7,"Double Bass, Violoncello"
84,2.0,84,2.25,M7,"Double Bass, Violoncello"
84,2.5,84,2.75,M7,"Double Bass, Violoncello"
84,3.0,84,3.25,M7,"Double Bass, Vibraphone, Violoncello"
84,3.5,84,3.75,M7,"Double Bass, Violoncello"
84,4.0,84,4.25,M7,"Double Bass, Violoncello"
84,4.5,84,4.75,M7,"Double Bass, Violoncello"
85,1.0,85,1.25,M7,"Double Bass, Vibraphone, Violoncello"
85,1.0,97,1.0,M8,
85,1.5,85,1.75,M7,"Double Bass, Violoncello"
85,2.0,85,2.25,M7,"Double Bass, Violoncello"
85,2.5,85,2.75,M7,"Double Bass, Violoncello"
85,3.0,85,3.25,M7,"Double Bass, Vibraphone, Violoncello"
85,3.5,85,3.75,M7,"Double Bass, Violoncello"
85,4.0,85,4.25,M7,"Double Bass, Violoncello"
85,4.5,85,4.75,M7,"Double Bass, Violoncello"
86,1.0,86,1.25,M7,"Double Bass, Vibraphone, Violoncello"
86,1.5,86,1.75,M7,"Double Bass, Violoncello"
86,2.0,86,2.25,M7,"Double Bass, Violoncello"
86,2.5,86,2.75,M7,"Double Bass, Violoncello"
86,3.0,86,3.25,M7,"Double Bass, Vibraphone, Violoncello"
86,3.5,86,3.75,M7,"Double Bass, Violoncello"
86,4.0,86,4.25,M7,"Double Bass, Violoncello"
86,4.5,86,4.75,M7,"Double Bass, Violoncello"
87,1.0,87,1.25,M7,"Double Bass, Vibraphone, Violoncello"
87,1.5,87,1.75,M7,Violoncello
87,2.0,87,2.25,M7,"Double Bass, Violoncello"
87,2.5,87,2.75,M7,Violoncello
87,3.0,87,3.25,M7,"Double Bass, Vibraphone, Violoncello"
87,3.5,87,3.75,M7,Violoncello
87,4.0,87,4.25,M7,"Double Bass, Violoncello"
87,4.5,87,4.75,M7,Violoncello
88,1.0,97,1.0,M10,
88,1.0,97,1.0,M11,
88,1.0,88,1.25,M6,"Double Bass, Percussion, Solo Alto Saxophone, Vibraphone, Violoncello"
88,1.0,88,1.25,M7,"Double Bass, Percussion, Solo Alto Saxophone, Vibraphone, Violoncello"
88,1.5,88,1.75,M6,"Bassoon, Clarinet (B Flat) (B Flat) (B Flat) 1, Clarinet (B Flat) (B Flat) (B Flat) 2, Double Bass, Flute 1, Flute 2, Oboe, Percussion, Viola, Violin I, Violin II, Violoncello"
88,1.5,88,1.75,M7,"Bassoon, Clarinet (B Flat) (B Flat) (B Flat) 1, Clarinet (B Flat) (B Flat) (B Flat) 2, Double Bass, Flute 1, Flute 2, Oboe, Percussion, Viola, Violin I, Violin II, Violoncello"
88,2.0,88,2.25,M6,"Double Bass, Percussion, Violoncello"
88,2.0,88,2.25,M7,"Double Bass, Percussion, Violoncello"
88,2.5,88,2.75,M6,"Bassoon, Clarinet (B Flat) (B Flat) (B Flat) 1, Clarinet (B Flat) (B Flat) (B Flat) 2, Double Bass, Flute 1, Flute 2, Oboe, Percussion, Solo Alto Saxophone, Viola, Violin I, Violin II, Violoncello"
88,2.5,88,2.75,M7,"Bassoon, Clarinet (B Flat) (B Flat) (B Flat) 1, Clarinet (B Flat) (B Flat) (B Flat) 2, Double Bass, Flute 1, Flute 2, Oboe, Percussion, Solo Alto Saxophone, Viola, Violin I, Violin II, Violoncello"
88,2.75,88,3.0,M6,Solo Alto Saxophone
88,2.75,88,3.0,M7,Solo Alto Saxophone
88,3.0,88,3.25,M6,"Double Bass, Percussion, Solo Alto Saxophone, Vibraphone, Violoncello"
88,3.0,88,3.25,M7,"Double Bass, Percussion, Solo Alto Saxophone, Vibraphone, Violoncello"
88,3.25,88,3.5,M6,Solo Alto Saxophone
88,3.25,88,3.5,M7,Solo Alto Saxophone
88,3.5,88,3.75,M6,"Double Bass, Percussion, Solo Alto Saxophone, Violoncello"
88,3.5,88,3.75,M7,"Double Bass, Percussion, Solo Alto Saxophone, Violoncello"
88,3.75,88,4.0,M6,Solo Alto Saxophone
88,3.75,88,4.0,M7,Solo Alto Saxophone
88,4.0,88,4.25,M6,"Double Bass, Percussion, Solo Alto Saxophone, Violoncello"
88,4.0,88,4.25,M7,"Double Bass, Percussion, Solo Alto Saxophone, Violoncello"
88,4.25,88,4.5,M6,Solo Alto Saxophone
88,4.25,88,4.5,M7,Solo Alto Saxophone
88,4.5,88,4.75,M6,"Double Bass, Percussion, Solo Alto Saxophone, Violoncello"
88,4.5,88,4.75,M7,"Double Bass, Percussion, Solo Alto Saxophone, Violoncello"
88,4.75,89,1.0,M6,Solo Alto Saxophone
88,4.75,89,1.0,M7,Solo Alto Saxophone
89,1.0,89,1.25,M6,"Double Bass, Percussion, Solo Alto Saxophone, Vibraphone, Violoncello"
89,1.0,89,1.25,M7,"Double Bass, Percussion, Solo Alto Saxophone, Vibraphone, Violoncello"
89,1.25,89,1.5,M6,Solo Alto Saxophone
89,1.25,89,1.5,M7,Solo Alto Saxophone
89,1.5,89,1.75,M6,"Bassoon, Clarinet (B Flat) (B Flat) (B Flat) 1, Clarinet (B Flat) (B Flat) (B Flat) 2, Claves, Double Bass, Flute 1, Flute 2, Oboe, Solo Alto Saxophone, Viola, Violin I, Violin II, Violoncello"
89,1.5,89,1.75,M7,"Bassoon, Clarinet (B Flat) (B Flat) (B Flat) 1, Clarinet (B Flat) (B Flat) (B Flat) 2, Claves, Double Bass, Flute 1, Flute 2, Oboe, Solo Alto Saxophone, Viola, Violin I, Violin II, Violoncello"
89,1.75,89,2.0,M6,"Bassoon, Clarinet (B Flat) (B Flat) (B Flat) 1, Clarinet (B Flat) (B Flat) (B Flat) 2, Flute 1, Flute 2, Oboe, Solo Alto Saxophone, Viola, Violin I, Violin II"
89,1.75,89,2.0,M7,"Bassoon, Clarinet (B Flat) (B Flat) (B Flat) 1, Clarinet (B Flat) (B Flat) (B Flat) 2, Flute 1, Flute 2, Oboe, Solo Alto Saxophone, Viola, Violin I, Violin II"
89,2.0,89,2.25,M6,"Claves, Double Bass, Solo Alto Saxophone, Violoncello"
89,2.0,89,2.25,M7,"Claves, Double Bass, Solo Alto Saxophone, Violoncello"
89,2.5,89,2.75,M6,"Bassoon, Clarinet (B Flat) (B Flat) (B Flat) 1, Clarinet (B Flat) (B Flat) (B Flat) 2, Cowbell 1, Double Bass, Flute 1, Flute 2, Oboe, Viola, Violin I, Violin II, Violoncello"
89,2.5,89,2.75,M7,"Bassoon, Clarinet (B Flat) (B Flat) (B Flat) 1, Clarinet (B Flat) (B Flat) (B Flat) 2, Cowbell 1, Double Bass, Flute 1, Flute 2, Oboe, Viola, Violin I, Violin II, Violoncello"
89,3.0,89,3.25,M6,"Cowbell 1, Double Bass, Vibraphone, Violoncello"
89,3.0,89,3.25,M7,"Cowbell 1, Double Bass, Vibraphone, Violoncello"
89,3.5,89,3.75,M6,"Bassoon, Clarinet (B Flat) (B Flat) (B Flat) 1, Clarinet (B Flat) (B Flat) (B Flat) 2, Claves, Double Bass, Flute 1, Flute 2, Oboe, Solo Alto Saxophone, Viola, Violin I, Violin II, Violoncello"
89,3.5,89,3.75,M7,"Bassoon, Clarinet (B Flat) (B Flat) (B Flat) 1, Clarinet (B Flat) (B Flat) (B Flat) 2, Claves, Double Bass, Flute 1, Flute 2, Oboe, Solo Alto Saxophone, Viola, Violin I, Violin II, Violoncello"
89,3.6666666666666665,89,3.9166666666666665,M6,Solo Alto Saxophone
89,3.6666666666666665,89,3.9166666666666665,M7,Solo Alto Saxophone
89,3.8333333333333335,89,4.083333333333334,M6,Solo Alto Saxophone
89,3.8333333333333335,89,4.083333333333334,M7,Solo Alto Saxophone
89,4.0,89,4.25,M6,"Claves, Double Bass, Solo Alto Saxophone, Violoncello"
89,4.0,89,4.25,M7,"Claves, Double Bass, Solo Alto Saxophone, Violoncello"
89,4.25,89,4.5,M6,Solo Alto Saxophone
89,4.25,89,4.5,M7,Solo Alto Saxophone
89,4.5,89,4.75,M6,"Bassoon, Clarinet (B Flat) (B Flat) (B Flat) 1, Clarinet (B Flat) (B Flat) (B Flat) 2, Double Bass, Flute 1, Flute 2, Oboe, Percussion, Solo Alto Saxophone, Viola, Violin I, Violin II, Violoncello"
89,4.5,89,4.75,M7,"Bassoon, Clarinet (B Flat) (B Flat) (B Flat) 1, Clarinet (B Flat) (B Flat) (B Flat) 2, Double Bass, Flute 1, Flute 2, Oboe, Percussion, Solo Alto Saxophone, Viola, Violin I, Violin II, Violoncello"
89,4.75,90,1.0,M6,"Bassoon, Clarinet (B Flat) (B Flat) (B Flat) 1, Clarinet (B Flat) (B Flat) (B Flat) 2, Flute 1, Flute 2, Oboe, Solo Alto Saxophone, Viola, Violin I, Violin II"
89,4.75,90,1.0,M7,"Bassoon, Clarinet (B Flat) (B Flat) (B Flat) 1, Clarinet (B Flat) (B Flat) (B Flat) 2, Flute 1, Flute 2, Oboe, Solo Alto Saxophone, Viola, Violin I, Violin II"
90,1.0,90,1.25,M6,"Double Bass, Percussion, Vibraphone, Violoncello"
90,1.0,90,1.25,M7,"Double Bass, Percussion, Vibraphone, Violoncello"
90,1.25,90,1.5,M6,Solo Alto Saxophone
90,1.25,90,1.5,M7,Solo Alto Saxophone
90,1.5,90,1.75,M6,"Bassoon, Clarinet (B Flat) (B Flat) (B Flat) 1, Clarinet (B Flat) (B Flat) (B Flat) 2, Double Bass, Flute 1, Flute 2, Oboe, Percussion, Solo Alto Saxophone, Viola, Violin I, Violin II, Violoncello"
90,1.5,90,1.75,M7,"Bassoon, Clarinet (B Flat) (B Flat) (B Flat) 1, Clarinet (B Flat) (B Flat) (B Flat) 2, Double Bass, Flute 1, Flute 2, Oboe, Percussion, Solo Alto Saxophone, Viola, Violin I, Violin II, Violoncello"
90,1.75,90,2.0,M6,Solo Alto Saxophone
90,1.75,90,2.0,M7,Solo Alto Saxophone
90,2.0,90,2.25,M6,"Double Bass, Percussion, Solo Alto Saxophone, Violoncello"
90,2.0,90,2.25,M7,"Double Bass, Percussion, Solo Alto Saxophone, Violoncello"
90,2.333333333333333,90,2.583333333333333,M6,Solo Alto Saxophone
90,2.333333333333333,90,2.583333333333333,M7,Solo Alto Saxophone
90,2.5,90,2.75,M6,"Bassoon, Clarinet (B Flat) (B Flat) (B Flat) 1, Clarinet (B Flat) (B Flat) (B Flat) 2, Double Bass, Flute 1, Flute 2, Oboe, Percussion, Solo Alto Saxophone, Viola, Violin I, Violin II, Violoncello"
90,2.5,90,2.75,M7,"Bassoon, Clarinet (B Flat) (B Flat) (B Flat) 1, Clarinet (B Flat) (B Flat) (B Flat) 2, Double Bass, Flute 1, Flute 2, Oboe, Percussion, Solo Alto Saxophone, Viola, Violin I, Violin II, Violoncello"
90,2.833333333333333,90,3.083333333333333,M6,Solo Alto Saxophone
90,2.833333333333333,90,3.083333333333333,M7,Solo Alto Saxophone
90,3.0,90,3.25,M6,"Double Bass, Percussion, Solo Alto Saxophone, Vibraphone, Violoncello"
90,3.0,90,3.25,M7,"Double Bass, Percussion, Solo Alto Saxophone, Vibraphone, Violoncello"
90,3.25,90,3.5,M6,Solo Alto Saxophone
90,3.25,90,3.5,M7,Solo Alto Saxophone
90,3.5,90,3.75,M6,"Double Bass, Percussion, Solo Alto Saxophone, Violoncello"
90,3.5,90,3.75,M7,"Double Bass, Percussion, Solo Alto Saxophone, Violoncello"
90,3.75,90,4.0,M6,Solo Alto Saxophone
90,3.75,90,4.0,M7,Solo Alto Saxophone
90,4.0,90,4.25,M6,"Double Bass, Percussion, Solo Alto Saxophone, Violoncello"
90,4.0,90,4.25,M7,"Double Bass, Percussion, Solo Alto Saxophone, Violoncello"
90,4.333333333333334,90,4.583333333333334,M6,Solo Alto Saxophone
90,4.333333333333334,90,4.583333333333334,M7,Solo Alto Saxophone
90,4.5,90,4.75,M6,"Double Bass, Percussion, Solo Alto Saxophone, Violoncello"
90,4.5,90,4.75,M7,"Double Bass, Percussion, Solo Alto Saxophone, Violoncello"
90,4.75,91,1.0,M6,Solo Alto Saxophone
90,4.75,91,1.0,M7,Solo Alto Saxophone
91,1.0,91,1.25,M6,"Double Bass, Percussion, Solo Alto Saxophone, Vibraphone, Violoncello"
91,1.0,91,1.25,M7,"Double Bass, Percussion, Solo Alto Saxophone, Vibraphone, Violoncello"
91,1.25,91,1.5,M6,Solo Alto Saxophone
91,1.25,91,1.5,M7,Solo Alto Saxophone
91,1.5,91,1.75,M6,"Bassoon, Clarinet (B Flat) (B Flat) (B Flat) 1, Clarinet (B Flat) (B Flat) (B Flat) 2, Claves, Flute 1, Flute 2, Oboe, Solo Alto Saxophone, Viola, Violin I, Violin II, Violoncello"
91,1.5,91,1.75,M7,"Bassoon, Clarinet (B Flat) (B Flat) (B Flat) 1, Clarinet (B Flat) (B Flat) (B Flat) 2, Claves, Flute 1, Flute 2, Oboe, Solo Alto Saxophone, Viola, Violin I, Violin II, Violoncello"
91,1.75,91,2.0,M6,"Bassoon, Clarinet (B Flat) (B Flat) (B Flat) 1, Clarinet (B Flat) (B Flat) (B Flat) 2, Flute 1, Flute 2, Oboe, Solo Alto Saxophone, Viola, Violin I, Violin II"
91,1.75,91,2.0,M7,"Bassoon, Clarinet (B Flat) (B Flat) (B Flat) 1, Clarinet (B Flat) (B Flat) (B Flat) 2, Flute 1, Flute 2, Oboe, Solo Alto Saxophone, Viola, Violin I, Violin II"
91,2.0,91,2.25,M6,"Claves, Double Bass, Solo Alto Saxophone, Violoncello"
91,2.0,91,2.25,M7,"Claves, Double Bass, Solo Alto Saxophone, Violoncello"
91,2.5,91,2.75,M6,"Bassoon, Clarinet (B Flat) (B Flat) (B Flat) 1, Clarinet (B Flat) (B Flat) (B Flat) 2, Cowbell 1, Flute 1, Flute 2, Oboe, Solo Alto Saxophone, Viola, Violin I, Violin II, Violoncello"
91,2.5,91,2.75,M7,"Bassoon, Clarinet (B Flat) (B Flat) (B Flat) 1, Clarinet (B Flat) (B Flat) (B Flat) 2, Cowbell 1, Flute 1, Flute 2, Oboe, Solo Alto Saxophone, Viola, Violin I, Violin II, Violoncello"
91,2.75,91,3.0,M6,Solo Alto Saxophone
91,2.75,91,3.0,M7,Solo Alto Saxophone
91,3.0,91,3.25,M6,"Cowbell 1, Double Bass, Solo Alto Saxophone, Vibraphone, Violoncello"
91,3.0,91,3.25,M7,"Cowbell 1, Double Bass, Solo Alto Saxophone, Vibraphone, Violoncello"
91,3.25,91,3.5,M6,Solo Alto Saxophone
91,3.25,91,3.5,M7,Solo Alto Saxophone
91,3.5,91,3.75,M6,"Bassoon, Clarinet (B Flat) (B Flat) (B Flat) 1, Clarinet (B Flat) (B Flat) (B Flat) 2, Claves, Flute 1, Flute 2, Oboe, Viola, Violin I, Violin II, Violoncello"
91,3.5,91,3.75,M7,"Bassoon, Clarinet (B Flat) (B Flat) (B Flat) 1, Clarinet (B Flat) (B Flat) (B Flat) 2, Claves, Flute 1, Flute 2, Oboe, Viola, Violin I, Violin II, Violoncello"
91,3.75,91,4.0,M6,Solo Alto Saxophone
91,3.75,91,4.0,M7,Solo Alto Saxophone
91,4.0,91,4.25,M6,"Claves, Double Bass, Solo Alto Saxophone, Violoncello"
91,4.0,91,4.25,M7,"Claves, Double Bass, Solo Alto Saxophone, Violoncello"
91,4.25,91,4.5,M6,Solo Alto Saxophone
91,4.25,91,4.5,M7,Solo Alto Saxophone
91,4.5,91,4.75,M6,"Bassoon, Clarinet (B Flat) (B Flat) (B Flat) 1, Clarinet (B Flat) (B Flat) (B Flat) 2, Flute 1, Flute 2, Oboe, Percussion, Solo Alto Saxophone, Trumpet (B Flat) (B Flat) (B Flat) 1, Trumpet (B Flat) (B Flat) (B Flat) 2, Viola, Violin I, Violin II, Violoncello"
91,4.5,91,4.75,M7,"Bassoon, Clarinet (B Flat) (B Flat) (B Flat) 1, Clarinet (B Flat) (B Flat) (B Flat) 2, Flute 1, Flute 2, Oboe, Percussion, Solo Alto Saxophone, Trumpet (B Flat) (B Flat) (B Flat) 1, Trumpet (B Flat) (B Flat) (B Flat) 2, Viola, Violin I, Violin II, Violoncello"
91,4.75,92,1.0,M6,"Bassoon, Clarinet (B Flat) (B Flat) (B Flat) 1, Clarinet (B Flat) (B Flat) (B Flat) 2, Flute 1, Flute 2, Oboe, Solo Alto Saxophone, Trumpet (B Flat) (B Flat) (B Flat) 1, Trumpet (B Flat) (B Flat) (B Flat) 2, Viola, Violin I, Violin II"
91,4.75,92,1.0,M7,"Bassoon, Clarinet (B Flat) (B Flat) (B Flat) 1, Clarinet (B Flat) (B Flat) (B Flat) 2, Flute 1, Flute 2, Oboe, Solo Alto Saxophone, Trumpet (B Flat) (B Flat) (B Flat) 1, Trumpet (B Flat) (B Flat) (B Flat) 2, Viola, Violin I, Violin II"
92,1.0,92,1.25,M1,"Castanets, Conga, Double Bass, Drum Set, Percussion, Solo Alto Saxophone, Trumpet (B Flat) (B Flat) (B Flat) 1, Trumpet (B Flat) (B Flat) (B Flat) 2, Vibraphone, Violoncello"
92,1.0,92,1.25,M2,"Castanets, Conga, Double Bass, Drum Set, Percussion, Solo Alto Saxophone, Trumpet (B Flat) (B Flat) (B Flat) 1, Trumpet (B Flat) (B Flat) (B Flat) 2, Vibraphone, Violoncello"
92,1.0,92,1.25,M3,"Castanets, Conga, Double Bass, Drum Set, Percussion, Solo Alto Saxophone, Trumpet (B Flat) (B Flat) (B Flat) 1, Trumpet (B Flat) (B Flat) (B Flat) 2, Vibraphone, Violoncello"
92,1.0,92,1.25,M6,"Castanets, Conga, Double Bass, Drum Set, Percussion, Solo Alto Saxophone, Trumpet (B Flat) (B Flat) (B Flat) 1, Trumpet (B Flat) (B Flat) (B Flat) 2, Vibraphone, Violoncello"
92,1.0,92,1.25,M7,"Castanets, Conga, Double Bass, Drum Set, Percussion, Solo Alto Saxophone, Trumpet (B Flat) (B Flat) (B Flat) 1, Trumpet (B Flat) (B Flat) (B Flat) 2, Vibraphone, Violoncello"
92,1.25,92,1.5,M1,"Castanets, Conga, Solo Alto Saxophone"
92,1.25,92,1.5,M2,"Castanets, Conga, Solo Alto Saxophone"
92,1.25,92,1.5,M3,"Castanets, Conga, Solo Alto Saxophone"
92,1.25,92,1.5,M6,"Castanets, Conga, Solo Alto Saxophone"
92,1.25,92,1.5,M7,"Castanets, Conga, Solo Alto Saxophone"
92,1.5,92,1.75,M1,"Bassoon, Castanets, Clarinet (B Flat) (B Flat) (B Flat) 1, Clarinet (B Flat) (B Flat) (B Flat) 2, Conga, Double Bass, Drum Set, Flute 1, Flute 2, Oboe, Percussion, Viola, Violin I, Violin II, Violoncello"
92,1.5,92,1.75,M2,"Bassoon, Castanets, Clarinet (B Flat) (B Flat) (B Flat) 1, Clarinet (B Flat) (B Flat) (B Flat) 2, Conga, Double Bass, Drum Set, Flute 1, Flute 2, Oboe, Percussion, Viola, Violin I, Violin II, Violoncello"
92,1.5,92,1.75,M3,"Bassoon, Castanets, Clarinet (B Flat) (B Flat) (B Flat) 1, Clarinet (B Flat) (B Flat) (B Flat) 2, Conga, Double Bass, Drum Set, Flute 1, Flute 2, Oboe, Percussion, Viola, Violin I, Violin II, Violoncello"
92,1.5,92,1.75,M6,"Bassoon, Castanets, Clarinet (B Flat) (B Flat) (B Flat) 1, Clarinet (B Flat) (B Flat) (B Flat) 2, Conga, Double Bass, Drum Set, Flute 1, Flute 2, Oboe, Percussion, Viola, Violin I, Violin II, Violoncello"
92,1.5,92,1.75,M7,"Bassoon, Castanets, Clarinet (B Flat) (B Flat) (B Flat) 1, Clarinet (B Flat) (B Flat) (B Flat) 2, Conga, Double Bass, Drum Set, Flute 1, Flute 2, Oboe, Percussion, Viola, Violin I, Violin II, Violoncello"
92,1.75,92,2.0,M1,Castanets
92,1.75,92,2.0,M2,Castanets
92,1.75,92,2.0,M3,Castanets
92,1.75,92,2.0,M6,Castanets
92,1.75,92,2.0,M7,Castanets
92,2.0,92,2.25,M1,"Castanets, Conga, Double Bass, Drum Set, Percussion, Violoncello"
92,2.0,92,2.25,M2,"Castanets, Conga, Double Bass, Drum Set, Percussion, Violoncello"
92,2.0,92,2.25,M3,"Castanets, Conga, Double Bass, Drum Set, Percussion, Violoncello"
92,2.0,92,2.25,M6,"Castanets, Conga, Double Bass, Drum Set, Percussion, Violoncello"
92,2.0,92,2.25,M7,"Castanets, Conga, Double Bass, Drum Set, Percussion, Violoncello"
92,2.25,92,2.5,M1,"Castanets, Conga"
92,2.25,92,2.5,M2,"Castanets, Conga"
92,2.25,92,2.5,M3,"Castanets, Conga"
92,2.25,92,2.5,M6,"Castanets, Conga"
92,2.25,92,2.5,M7,"Castanets, Conga"
92,2.5,92,2.75,M1,"Bassoon, Castanets, Clarinet (B Flat) (B Flat) (B Flat) 1, Clarinet (B Flat) (B Flat) (B Flat) 2, Conga, Double Bass, Drum Set, Flute 1, Flute 2, Oboe, Percussion, Viola, Violin I, Violin II, Violoncello"
92,2.5,92,2.75,M2,"Bassoon, Castanets, Clarinet (B Flat) (B Flat) (B Flat) 1, Clarinet (B Flat) (B Flat) (B Flat) 2, Conga, Double Bass, Drum Set, Flute 1, Flute 2, Oboe, Percussion, Viola, Violin I, Violin II, Violoncello"
92,2.5,92,2.75,M3,"Bassoon, Castanets, Clarinet (B Flat) (B Flat) (B Flat) 1, Clarinet (B Flat) (B Flat) (B Flat) 2, Conga, Double Bass, Drum Set, Flute 1, Flute 2, Oboe, Percussion, Viola, Violin I, Violin II, Violoncello"
92,2.5,92,2.75,M6,"Bassoon, Castanets, Clarinet (B Flat) (B Flat) (B Flat) 1, Clarinet (B Flat) (B Flat) (B Flat) 2, Conga, Double Bass, Drum Set, Flute 1, Flute 2, Oboe, Percussion, Viola, Violin I, Violin II, Violoncello"
92,2.5,92,2.75,M7,"Bassoon, Castanets, Clarinet (B Flat) (B Flat) (B Flat) 1, Clarinet (B Flat) (B Flat) (B Flat) 2, Conga, Double Bass, Drum Set, Flute 1, Flute 2, Oboe, Percussion, Viola, Violin I, Violin II, Violoncello"
92,2.75,92,3.0,M1,Castanets
92,2.75,92,3.0,M2,Castanets
92,2.75,92,3.0,M3,Castanets
92,2.75,92,3.0,M6,Castanets
92,2.75,92,3.0,M7,Castanets
92,3.0,92,3.25,M1,"Castanets, Conga, Double Bass, Drum Set, Percussion, Vibraphone, Violoncello"
92,3.0,92,3.25,M2,"Castanets, Conga, Double Bass, Drum Set, Percussion, Vibraphone, Violoncello"
92,3.0,92,3.25,M3,"Castanets, Conga, Double Bass, Drum Set, Percussion, Vibraphone, Violoncello"
92,3.0,92,3.25,M6,"Castanets, Conga, Double Bass, Drum Set, Percussion, Vibraphone, Violoncello"
92,3.0,92,3.25,M7,"Castanets, Conga, Double Bass, Drum Set, Percussion, Vibraphone, Violoncello"
92,3.25,92,3.5,M1,"Castanets, Conga"
92,3.25,92,3.5,M2,"Castanets, Conga"
92,3.25,92,3.5,M3,"Castanets, Conga"
92,3.25,92,3.5,M6,"Castanets, Conga"
92,3.25,92,3.5,M7,"Castanets, Conga"
92,3.5,92,3.75,M1,"Castanets, Conga, Double Bass, Drum Set, Percussion, Trumpet (B Flat) (B Flat) (B Flat) 1, Trumpet (B Flat) (B Flat) (B Flat) 2, Violoncello"
92,3.5,92,3.75,M2,"Castanets, Conga, Double Bass, Drum Set, Percussion, Trumpet (B Flat) (B Flat) (B Flat) 1, Trumpet (B Flat) (B Flat) (B Flat) 2, Violoncello"
92,3.5,92,3.75,M3,"Castanets, Conga, Double Bass, Drum Set, Percussion, Trumpet (B Flat) (B Flat) (B Flat) 1, Trumpet (B Flat) (B Flat) (B Flat) 2, Violoncello"
92,3.5,92,3.75,M6,"Castanets, Conga, Double Bass, Drum Set, Percussion, Trumpet (B Flat) (B Flat) (B Flat) 1, Trumpet (B Flat) (B Flat) (B Flat) 2, Violoncello"
92,3.5,92,3.75,M7,"Castanets, Conga, Double Bass, Drum Set, Percussion, Trumpet (B Flat) (B Flat) (B Flat) 1, Trumpet (B Flat) (B Flat) (B Flat) 2, Violoncello"
92,3.75,92,4.0,M1,"Castanets, Conga, Solo Alto Saxophone"
92,3.75,92,4.0,M2,"Castanets, Conga, Solo Alto Saxophone"
92,3.75,92,4.0,M3,"Castanets, Conga, Solo Alto Saxophone"
92,3.75,92,4.0,M6,"Castanets, Conga, Solo Alto Saxophone"
92,3.75,92,4.0,M7,"Castanets, Conga, Solo Alto Saxophone"
92,4.0,92,4.25,M1,"Castanets, Conga, Double Bass, Drum Set, Percussion, Solo Alto Saxophone, Violoncello"
92,4.0,92,4.25,M2,"Castanets, Conga, Double Bass, Drum Set, Percussion, Solo Alto Saxophone, Violoncello"
92,4.0,92,4.25,M3,"Castanets, Conga, Double Bass, Drum Set, Percussion, Solo Alto Saxophone, Violoncello"
92,4.0,92,4.25,M6,"Castanets, Conga, Double Bass, Drum Set, Percussion, Solo Alto Saxophone, Violoncello"
92,4.0,92,4.25,M7,"Castanets, Conga, Double Bass, Drum Set, Percussion, Solo Alto Saxophone, Violoncello"
92,4.25,92,4.5,M1,"Castanets, Solo Alto Saxophone"
92,4.25,92,4.5,M2,"Castanets, Solo Alto Saxophone"
92,4.25,92,4.5,M3,"Castanets, Solo Alto Saxophone"
92,4.25,92,4.5,M6,"Castanets, Solo Alto Saxophone"
92,4.25,92,4.5,M7,"Castanets, Solo Alto Saxophone"
92,4.5,92,4.75,M1,"Castanets, Conga, Double Bass, Drum Set, Percussion, Solo Alto Saxophone, Violoncello"
92,4.5,92,4.75,M2,"Castanets, Conga, Double Bass, Drum Set, Percussion, Solo Alto Saxophone, Violoncello"
92,4.5,92,4.75,M3,"Castanets, Conga, Double Bass, Drum Set, Percussion, Solo Alto Saxophone, Violoncello"
92,4.5,92,4.75,M6,"Castanets, Conga, Double Bass, Drum Set, Percussion, Solo Alto Saxophone, Violoncello"
92,4.5,92,4.75,M7,"Castanets, Conga, Double Bass, Drum Set, Percussion, Solo Alto Saxophone, Violoncello"
92,4.75,93,1.0,M1,"Castanets, Solo Alto Saxophone"
92,4.75,93,1.0,M2,"Castanets, Solo Alto Saxophone"
92,4.75,93,1.0,M3,"Castanets, Solo Alto Saxophone"
92,4.75,93,1.0,M6,"Castanets, Solo Alto Saxophone"
92,4.75,93,1.0,M7,"Castanets, Solo Alto Saxophone"
93,1.0,93,1.25,M1,"Castanets, Conga, Double Bass, Drum Set, Percussion, Vibraphone, Violoncello"
93,1.0,93,1.25,M2,"Castanets, Conga, Double Bass, Drum Set, Percussion, Vibraphone, Violoncello"
93,1.0,93,1.25,M3,"Castanets, Conga, Double Bass, Drum Set, Percussion, Vibraphone, Violoncello"
93,1.0,93,1.25,M6,"Castanets, Conga, Double Bass, Drum Set, Percussion, Vibraphone, Violoncello"
93,1.0,93,1.25,M7,"Castanets, Conga, Double Bass, Drum Set, Percussion, Vibraphone, Violoncello"
93,1.25,93,1.5,M1,"Castanets, Solo Alto Saxophone"
93,1.25,93,1.5,M2,"Castanets, Solo Alto Saxophone"
93,1.25,93,1.5,M3,"Castanets, Solo Alto Saxophone"
93,1.25,93,1.5,M6,"Castanets, Solo Alto Saxophone"
93,1.25,93,1.5,M7,"Castanets, Solo Alto Saxophone"
93,1.5,93,1.75,M1,"Bassoon, Castanets, Clarinet (B Flat) (B Flat) (B Flat) 1, Clarinet (B Flat) (B Flat) (B Flat) 2, Claves, Conga, Double Bass, Drum Set, Flute 1, Flute 2, Oboe, Trumpet (B Flat) (B Flat) (B Flat) 1, Trumpet (B Flat) (B Flat) (B Flat) 2, Viola, Violin I, Violin II, Violoncello"
93,1.5,93,1.75,M2,"Bassoon, Castanets, Clarinet (B Flat) (B Flat) (B Flat) 1, Clarinet (B Flat) (B Flat) (B Flat) 2, Claves, Conga, Double Bass, Drum Set, Flute 1, Flute 2, Oboe, Trumpet (B Flat) (B Flat) (B Flat) 1, Trumpet (B Flat) (B Flat) (B Flat) 2, Viola, Violin I, Violin II, Violoncello"
93,1.5,93,1.75,M3,"Bassoon, Castanets, Clarinet (B Flat) (B Flat) (B Flat) 1, Clarinet (B Flat) (B Flat) (B Flat) 2, Claves, Conga, Double Bass, Drum Set, Flute 1, Flute 2, Oboe, Trumpet (B Flat) (B Flat) (B Flat) 1, Trumpet (B Flat) (B Flat) (B Flat) 2, Viola, Violin I, Violin II, Violoncello"
93,1.5,93,1.75,M6,"Bassoon, Castanets, Clarinet (B Flat) (B Flat) (B Flat) 1, Clarinet (B Flat) (B Flat) (B Flat) 2, Claves, Conga, Double Bass, Drum Set, Flute 1, Flute 2, Oboe, Trumpet (B Flat) (B Flat) (B Flat) 1, Trumpet (B Flat) (B Flat) (B Flat) 2, Viola, Violin I, Violin II, Violoncello"
93,1.5,93,1.75,M7,"Bassoon, Castanets, Clarinet (B Flat) (B Flat) (B Flat) 1, Clarinet (B Flat) (B Flat) (B Flat) 2, Claves, Conga, Double Bass, Drum Set, Flute 1, Flute 2, Oboe, Trumpet (B Flat) (B Flat) (B Flat) 1, Trumpet (B Flat) (B Flat) (B Flat) 2, Viola, Violin I, Violin II, Violoncello"
93,1.75,93,2.0,M1,"Bassoon, Castanets, Clarinet (B Flat) (B Flat) (B Flat) 1, Clarinet (B Flat) (B Flat) (B Flat) 2, Conga, Flute 1, Flute 2, Oboe, Viola, Violin I, Violin II"
93,1.75,93,2.0,M2,"Bassoon, Castanets, Clarinet (B Flat) (B Flat) (B Flat) 1, Clarinet (B Flat) (B Flat) (B Flat) 2, Conga, Flute 1, Flute 2, Oboe, Viola, Violin I, Violin II"
93,1.75,93,2.0,M3,"Bassoon, Castanets, Clarinet (B Flat) (B Flat) (B Flat) 1, Clarinet (B Flat) (B Flat) (B Flat) 2, Conga, Flute 1, Flute 2, Oboe, Viola, Violin I, Violin II"
93,1.75,93,2.0,M6,"Bassoon, Castanets, Clarinet (B Flat) (B Flat) (B Flat) 1, Clarinet (B Flat) (B Flat) (B Flat) 2, Conga, Flute 1, Flute 2, Oboe, Viola, Violin I, Violin II"
93,1.75,93,2.0,M7,"Bassoon, Castanets, Clarinet (B Flat) (B Flat) (B Flat) 1, Clarinet (B Flat) (B Flat) (B Flat) 2, Conga, Flute 1, Flute 2, Oboe, Viola, Violin I, Violin II"
93,2.0,93,2.25,M1,"Castanets, Claves, Conga, Double Bass, Drum Set, Violoncello"
93,2.0,93,2.25,M2,"Castanets, Claves, Conga, Double Bass, Drum Set, Violoncello"
93,2.0,93,2.25,M3,"Castanets, Claves, Conga, Double Bass, Drum Set, Violoncello"
93,2.0,93,2.25,M6,"Castanets, Claves, Conga, Double Bass, Drum Set, Violoncello"
93,2.0,93,2.25,M7,"Castanets, Claves, Conga, Double Bass, Drum Set, Violoncello"
93,2.25,93,2.5,M1,Castanets
93,2.25,93,2.5,M2,Castanets
93,2.25,93,2.5,M3,Castanets
93,2.25,93,2.5,M6,Castanets
93,2.25,93,2.5,M7,Castanets
93,2.5,93,2.75,M1,"Bassoon, Castanets, Clarinet (B Flat) (B Flat) (B Flat) 1, Clarinet (B Flat) (B Flat) (B Flat) 2, Conga, Cowbell 1, Double Bass, Drum Set, Flute 1, Flute 2, Oboe, Trumpet (B Flat) (B Flat) (B Flat) 1, Trumpet (B Flat) (B Flat) (B Flat) 2, Viola, Violin I, Violin II, Violoncello"
93,2.5,93,2.75,M2,"Bassoon, Castanets, Clarinet (B Flat) (B Flat) (B Flat) 1, Clarinet (B Flat) (B Flat) (B Flat) 2, Conga, Cowbell 1, Double Bass, Drum Set, Flute 1, Flute 2, Oboe, Trumpet (B Flat) (B Flat) (B Flat) 1, Trumpet (B Flat) (B Flat) (B Flat) 2, Viola, Violin I, Violin II, Violoncello"
93,2.5,93,2.75,M3,"Bassoon, Castanets, Clarinet (B Flat) (B Flat) (B Flat) 1, Clarinet (B Flat) (B Flat) (B Flat) 2, Conga, Cowbell 1, Double Bass, Drum Set, Flute 1, Flute 2, Oboe, Trumpet (B Flat) (B Flat) (B Flat) 1, Trumpet (B Flat) (B Flat) (B Flat) 2, Viola, Violin I, Violin II, Violoncello"
93,2.5,93,2.75,M6,"Bassoon, Castanets, Clarinet (B Flat) (B Flat) (B Flat) 1, Clarinet (B Flat) (B Flat) (B Flat) 2, Conga, Cowbell 1, Double Bass, Drum Set, Flute 1, Flute 2, Oboe, Trumpet (B Flat) (B Flat) (B Flat) 1, Trumpet (B Flat) (B Flat) (B Flat) 2, Viola, Violin I, Violin II, Violoncello"
93,2.5,93,2.75,M7,"Bassoon, Castanets, Clarinet (B Flat) (B Flat) (B Flat) 1, Clarinet (B Flat) (B Flat) (B Flat) 2, Conga, Cowbell 1, Double Bass, Drum Set, Flute 1, Flute 2, Oboe, Trumpet (B Flat) (B Flat) (B Flat) 1, Trumpet (B Flat) (B Flat) (B Flat) 2, Viola, Violin I, Violin II, Violoncello"
93,2.75,93,3.0,M1,"Castanets, Conga, Solo Alto Saxophone"
93,2.75,93,3.0,M2,"Castanets, Conga, Solo Alto Saxophone"
93,2.75,93,3.0,M3,"Castanets, Conga, Solo Alto Saxophone"
93,2.75,93,3.0,M6,"Castanets, Conga, Solo Alto Saxophone"
93,2.75,93,3.0,M7,"Castanets, Conga, Solo Alto Saxophone"
93,3.0,93,3.25,M1,"Castanets, Conga, Cowbell 1, Double Bass, Drum Set, Vibraphone, Violoncello"
93,3.0,93,3.25,M2,"Castanets, Conga, Cowbell 1, Double Bass, Drum Set, Vibraphone, Violoncello"
93,3.0,93,3.25,M3,"Castanets, Conga, Cowbell 1, Double Bass, Drum Set, Vibraphone, Violoncello"
93,3.0,93,3.25,M6,"Castanets, Conga, Cowbell 1, Double Bass, Drum Set, Vibraphone, Violoncello"
93,3.0,93,3.25,M7,"Castanets, Conga, Cowbell 1, Double Bass, Drum Set, Vibraphone, Violoncello"
93,3.25,93,3.5,M1,"Castanets, Solo Alto Saxophone"
93,3.25,93,3.5,M2,"Castanets, Solo Alto Saxophone"
93,3.25,93,3.5,M3,"Castanets, Solo Alto Saxophone"
93,3.25,93,3.5,M6,"Castanets, Solo Alto Saxophone"
93,3.25,93,3.5,M7,"Castanets, Solo Alto Saxophone"
93,3.5,93,3.75,M1,"Bassoon, Castanets, Clarinet (B Flat) (B Flat) (B Flat) 1, Clarinet (B Flat) (B Flat) (B Flat) 2, Claves, Conga, Double Bass, Drum Set, Flute 1, Flute 2, Oboe, Viola, Violin I, Violin II, Violoncello"
93,3.5,93,3.75,M2,"Bassoon, Castanets, Clarinet (B Flat) (B Flat) (B Flat) 1, Clarinet (B Flat) (B Flat) (B Flat) 2, Claves, Conga, Double Bass, Drum Set, Flute 1, Flute 2, Oboe, Viola, Violin I, Violin II, Violoncello"
93,3.5,93,3.75,M3,"Bassoon, Castanets, Clarinet (B Flat) (B Flat) (B Flat) 1, Clarinet (B Flat) (B Flat) (B Flat) 2, Claves, Conga, Double Bass, Drum Set, Flute 1, Flute 2, Oboe, Viola, Violin I, Violin II, Violoncello"
93,3.5,93,3.75,M6,"Bassoon, Castanets, Clarinet (B Flat) (B Flat) (B Flat) 1, Clarinet (B Flat) (B Flat) (B Flat) 2, Claves, Conga, Double Bass, Drum Set, Flute 1, Flute 2, Oboe, Viola, Violin I, Violin II, Violoncello"
93,3.5,93,3.75,M7,"Bassoon, Castanets, Clarinet (B Flat) (B Flat) (B Flat) 1, Clarinet (B Flat) (B Flat) (B Flat) 2, Claves, Conga, Double Bass, Drum Set, Flute 1, Flute 2, Oboe, Viola, Violin I, Violin II, Violoncello"
93,3.75,93,4.0,M1,Castanets
93,3.75,93,4.0,M2,Castanets
93,3.75,93,4.0,M3,Castanets
93,3.75,93,4.0,M6,Castanets
93,3.75,93,4.0,M7,Castanets
93,4.0,93,4.25,M1,"Castanets, Claves, Conga, Double Bass, Drum Set, Violoncello"
93,4.0,93,4.25,M2,"Castanets, Claves, Conga, Double Bass, Drum Set, Violoncello"
93,4.0,93,4.25,M3,"Castanets, Claves, Conga, Double Bass, Drum Set, Violoncello"
93,4.0,93,4.25,M6,"Castanets, Claves, Conga, Double Bass, Drum Set, Violoncello"
93,4.0,93,4.25,M7,"Castanets, Claves, Conga, Double Bass, Drum Set, Violoncello"
93,4.25,93,4.5,M1,"Castanets, Conga, Solo Alto Saxophone"
93,4.25,93,4.5,M2,"Castanets, Conga, Solo Alto Saxophone"
93,4.25,93,4.5,M3,"Castanets, Conga, Solo Alto Saxophone"
93,4.25,93,4.5,M6,"Castanets, Conga, Solo Alto Saxophone"
93,4.25,93,4.5,M7,"Castanets, Conga, Solo Alto Saxophone"
93,4.5,93,4.75,M1,"Bassoon, Castanets, Clarinet (B Flat) (B Flat) (B Flat) 1, Clarinet (B Flat) (B Flat) (B Flat) 2, Conga, Double Bass, Drum Set, Flute 1, Flute 2, Oboe, Percussion, Viola, Violin I, Violin II, Violoncello"
93,4.5,93,4.75,M2,"Bassoon, Castanets, Clarinet (B Flat) (B Flat) (B Flat) 1, Clarinet (B Flat) (B Flat) (B Flat) 2, Conga, Double Bass, Drum Set, Flute 1, Flute 2, Oboe, Percussion, Viola, Violin I, Violin II, Violoncello"
93,4.5,93,4.75,M3,"Bassoon, Castanets, Clarinet (B Flat) (B Flat) (B Flat) 1, Clarinet (B Flat) (B Flat) (B Flat) 2, Conga, Double Bass, Drum Set, Flute 1, Flute 2, Oboe, Percussion, Viola, Violin I, Violin II, Violoncello"
93,4.5,93,4.75,M6,"Bassoon, Castanets, Clarinet (B Flat) (B Flat) (B Flat) 1, Clarinet (B Flat) (B Flat) (B Flat) 2, Conga, Double Bass, Drum Set, Flute 1, Flute 2, Oboe, Percussion, Viola, Violin I, Violin II, Violoncello"
93,4.5,93,4.75,M7,"Bassoon, Castanets, Clarinet (B Flat) (B Flat) (B Flat) 1, Clarinet (B Flat) (B Flat) (B Flat) 2, Conga, Double Bass, Drum Set, Flute 1, Flute 2, Oboe, Percussion, Viola, Violin I, Violin II, Violoncello"
93,4.75,94,1.0,M1,"Bassoon, Castanets, Clarinet (B Flat) (B Flat) (B Flat) 1, Clarinet (B Flat) (B Flat) (B Flat) 2, Conga, Flute 1, Flute 2, Oboe, Solo Alto Saxophone, Viola, Violin I, Violin II"
93,4.75,94,1.0,M2,"Bassoon, Castanets, Clarinet (B Flat) (B Flat) (B Flat) 1, Clarinet (B Flat) (B Flat) (B Flat) 2, Conga, Flute 1, Flute 2, Oboe, Solo Alto Saxophone, Viola, Violin I, Violin II"
93,4.75,94,1.0,M3,"Bassoon, Castanets, Clarinet (B Flat) (B Flat) (B Flat) 1, Clarinet (B Flat) (B Flat) (B Flat) 2, Conga, Flute 1, Flute 2, Oboe, Solo Alto Saxophone, Viola, Violin I, Violin II"
93,4.75,94,1.0,M6,"Bassoon, Castanets, Clarinet (B Flat) (B Flat) (B Flat) 1, Clarinet (B Flat) (B Flat) (B Flat) 2, Conga, Flute 1, Flute 2, Oboe, Solo Alto Saxophone, Viola, Violin I, Violin II"
93,4.75,94,1.0,M7,"Bassoon, Castanets, Clarinet (B Flat) (B Flat) (B Flat) 1, Clarinet (B Flat) (B Flat) (B Flat) 2, Conga, Flute 1, Flute 2, Oboe, Solo Alto Saxophone, Viola, Violin I, Violin II"
94,1.0,94,1.25,M1,"Castanets, Conga, Double Bass, Drum Set, Percussion, Trumpet (B Flat) (B Flat) (B Flat) 1, Trumpet (B Flat) (B Flat) (B Flat) 2, Vibraphone, Violoncello"
94,1.0,94,1.25,M2,"Castanets, Conga, Double Bass, Drum Set, Percussion, Trumpet (B Flat) (B Flat) (B Flat) 1, Trumpet (B Flat) (B Flat) (B Flat) 2, Vibraphone, Violoncello"
94,1.0,94,1.25,M3,"Castanets, Conga, Double Bass, Drum Set, Percussion, Trumpet (B Flat) (B Flat) (B Flat) 1, Trumpet (B Flat) (B Flat) (B Flat) 2, Vibraphone, Violoncello"
94,1.0,94,1.25,M6,"Castanets, Conga, Double Bass, Drum Set, Percussion, Trumpet (B Flat) (B Flat) (B Flat) 1, Trumpet (B Flat) (B Flat) (B Flat) 2, Vibraphone, Violoncello"
94,1.0,94,1.25,M7,"Castanets, Conga, Double Bass, Drum Set, Percussion, Trumpet (B Flat) (B Flat) (B Flat) 1, Trumpet (B Flat) (B Flat) (B Flat) 2, Vibraphone, Violoncello"
94,1.25,94,1.5,M1,"Castanets, Conga, Solo Alto Saxophone"
94,1.25,94,1.5,M2,"Castanets, Conga, Solo Alto Saxophone"
94,1.25,94,1.5,M3,"Castanets, Conga, Solo Alto Saxophone"
94,1.25,94,1.5,M6,"Castanets, Conga, Solo Alto Saxophone"
94,1.25,94,1.5,M7,"Castanets, Conga, Solo Alto Saxophone"
94,1.5,94,1.75,M1,"Bassoon, Castanets, Clarinet (B Flat) (B Flat) (B Flat) 1, Clarinet (B Flat) (B Flat) (B Flat) 2, Conga, Double Bass, Drum Set, Flute 1, Flute 2, Oboe, Percussion, Solo Alto Saxophone, Viola, Violin I, Violin II, Violoncello"
94,1.5,94,1.75,M2,"Bassoon, Castanets, Clarinet (B Flat) (B Flat) (B Flat) 1, Clarinet (B Flat) (B Flat) (B Flat) 2, Conga, Double Bass, Drum Set, Flute 1, Flute 2, Oboe, Percussion, Solo Alto Saxophone, Viola, Violin I, Violin II, Violoncello"
94,1.5,94,1.75,M3,"Bassoon, Castanets, Clarinet (B Flat) (B Flat) (B Flat) 1, Clarinet (B Flat) (B Flat) (B Flat) 2, Conga, Double Bass, Drum Set, Flute 1, Flute 2, Oboe, Percussion, Solo Alto Saxophone, Viola, Violin I, Violin II, Violoncello"
94,1.5,94,1.75,M6,"Bassoon, Castanets, Clarinet (B Flat) (B Flat) (B Flat) 1, Clarinet (B Flat) (B Flat) (B Flat) 2, Conga, Double Bass, Drum Set, Flute 1, Flute 2, Oboe, Percussion, Solo Alto Saxophone, Viola, Violin I, Violin II, Violoncello"
94,1.5,94,1.75,M7,"Bassoon, Castanets, Clarinet (B Flat) (B Flat) (B Flat) 1, Clarinet (B Flat) (B Flat) (B Flat) 2, Conga, Double Bass, Drum Set, Flute 1, Flute 2, Oboe, Percussion, Solo Alto Saxophone, Viola, Violin I, Violin II, Violoncello"
94,1.75,94,2.0,M1,"Castanets, Solo Alto Saxophone"
94,1.75,94,2.0,M2,"Castanets, Solo Alto Saxophone"
94,1.75,94,2.0,M3,"Castanets, Solo Alto Saxophone"
94,1.75,94,2.0,M6,"Castanets, Solo Alto Saxophone"
94,1.75,94,2.0,M7,"Castanets, Solo Alto Saxophone"
94,2.0,94,2.25,M1,"Castanets, Conga, Double Bass, Drum Set, Percussion, Solo Alto Saxophone, Violoncello"
94,2.0,94,2.25,M2,"Castanets, Conga, Double Bass, Drum Set, Percussion, Solo Alto Saxophone, Violoncello"
94,2.0,94,2.25,M3,"Castanets, Conga, Double Bass, Drum Set, Percussion, Solo Alto Saxophone, Violoncello"
94,2.0,94,2.25,M6,"Castanets, Conga, Double Bass, Drum Set, Percussion, Solo Alto Saxophone, Violoncello"
94,2.0,94,2.25,M7,"Castanets, Conga, Double Bass, Drum Set, Percussion, Solo Alto Saxophone, Violoncello"
94,2.25,94,2.5,M1,"Castanets, Conga, Solo Alto Saxophone"
94,2.25,94,2.5,M2,"Castanets, Conga, Solo Alto Saxophone"
94,2.25,94,2.5,M3,"Castanets, Conga, Solo Alto Saxophone"
94,2.25,94,2.5,M6,"Castanets, Conga, Solo Alto Saxophone"
94,2.25,94,2.5,M7,"Castanets, Conga, Solo Alto Saxophone"
94,2.5,94,2.75,M1,"Bassoon, Castanets, Clarinet (B Flat) (B Flat) (B Flat) 1, Clarinet (B Flat) (B Flat) (B Flat) 2, Conga, Double Bass, Drum Set, Flute 1, Flute 2, Oboe, Percussion, Solo Alto Saxophone, Viola, Violin I, Violin II, Violoncello"
94,2.5,94,2.75,M2,"Bassoon, Castanets, Clarinet (B Flat) (B Flat) (B Flat) 1, Clarinet (B Flat) (B Flat) (B Flat) 2, Conga, Double Bass, Drum Set, Flute 1, Flute 2, Oboe, Percussion, Solo Alto Saxophone, Viola, Violin I, Violin II, Violoncello"
94,2.5,94,2.75,M3,"Bassoon, Castanets, Clarinet (B Flat) (B Flat) (B Flat) 1, Clarinet (B Flat) (B Flat) (B Flat) 2, Conga, Double Bass, Drum Set, Flute 1, Flute 2, Oboe, Percussion, Solo Alto Saxophone, Viola, Violin I, Violin II, Violoncello"
94,2.5,94,2.75,M6,"Bassoon, Castanets, Clarinet (B Flat) (B Flat) (B Flat) 1, Clarinet (B Flat) (B Flat) (B Flat) 2, Conga, Double Bass, Drum Set, Flute 1, Flute 2, Oboe, Percussion, Solo Alto Saxophone, Viola, Violin I, Violin II, Violoncello"
94,2.5,94,2.75,M7,"Bassoon, Castanets, Clarinet (B Flat) (B Flat) (B Flat) 1, Clarinet (B Flat) (B Flat) (B Flat) 2, Conga, Double Bass, Drum Set, Flute 1, Flute 2, Oboe, Percussion, Solo Alto Saxophone, Viola, Violin I, Violin II, Violoncello"
94,2.75,94,3.0,M1,"Castanets, Solo Alto Saxophone"
94,2.75,94,3.0,M2,"Castanets, Solo Alto Saxophone"
94,2.75,94,3.0,M3,"Castanets, Solo Alto Saxophone"
94,2.75,94,3.0,M6,"Castanets, Solo Alto Saxophone"
94,2.75,94,3.0,M7,"Castanets, Solo Alto Saxophone"
94,2.916666666666667,94,3.166666666666667,M1,Solo Alto Saxophone
94,2.916666666666667,94,3.166666666666667,M2,Solo Alto Saxophone
94,2.916666666666667,94,3.166666666666667,M3,Solo Alto Saxophone
94,2.916666666666667,94,3.166666666666667,M6,Solo Alto Saxophone
94,2.916666666666667,94,3.166666666666667,M7,Solo Alto Saxophone
94,3.0,94,3.25,M1,"Castanets, Conga, Double Bass, Drum Set, Percussion, Vibraphone, Violoncello"
94,3.0,94,3.25,M2,"Castanets, Conga, Double Bass, Drum Set, Percussion, Vibraphone, Violoncello"
94,3.0,94,3.25,M3,"Castanets, Conga, Double Bass, Drum Set, Percussion, Vibraphone, Violoncello"
94,3.0,94,3.25,M6,"Castanets, Conga, Double Bass, Drum Set, Percussion, Vibraphone, Violoncello"
94,3.0,94,3.25,M7,"Castanets, Conga, Double Bass, Drum Set, Percussion, Vibraphone, Violoncello"
94,3.25,94,3.5,M1,"Castanets, Conga, Solo Alto Saxophone"
94,3.25,94,3.5,M2,"Castanets, Conga, Solo Alto Saxophone"
94,3.25,94,3.5,M3,"Castanets, Conga, Solo Alto Saxophone"
94,3.25,94,3.5,M6,"Castanets, Conga, Solo Alto Saxophone"
94,3.25,94,3.5,M7,"Castanets, Conga, Solo Alto Saxophone"
94,3.5,94,3.75,M1,"Castanets, Conga, Double Bass, Drum Set, Percussion, Solo Alto Saxophone, Violoncello"
94,3.5,94,3.75,M2,"Castanets, Conga, Double Bass, Drum Set, Percussion, Solo Alto Saxophone, Violoncello"
94,3.5,94,3.75,M3,"Castanets, Conga, Double Bass, Drum Set, Percussion, Solo Alto Saxophone, Violoncello"
94,3.5,94,3.75,M6,"Castanets, Conga, Double Bass, Drum Set, Percussion, Solo Alto Saxophone, Violoncello"
94,3.5,94,3.75,M7,"Castanets, Conga, Double Bass, Drum Set, Percussion, Solo Alto Saxophone, Violoncello"
94,3.75,94,4.0,M1,"Castanets, Conga, Solo Alto Saxophone"
94,3.75,94,4.0,M2,"Castanets, Conga, Solo Alto Saxophone"
94,3.75,94,4.0,M3,"Castanets, Conga, Solo Alto Saxophone"
94,3.75,94,4.0,M6,"Castanets, Conga, Solo Alto Saxophone"
94,3.75,94,4.0,M7,"Castanets, Conga, Solo Alto Saxophone"
94,4.0,94,4.25,M1,"Castanets, Conga, Double Bass, Drum Set, Percussion, Solo Alto Saxophone, Violoncello"
94,4.0,94,4.25,M2,"Castanets, Conga, Double Bass, Drum Set, Percussion, Solo Alto Saxophone, Violoncello"
94,4.0,94,4.25,M3,"Castanets, Conga, Double Bass, Drum Set, Percussion, Solo Alto Saxophone, Violoncello"
94,4.0,94,4.25,M6,"Castanets, Conga, Double Bass, Drum Set, Percussion, Solo Alto Saxophone, Violoncello"
94,4.0,94,4.25,M7,"Castanets, Conga, Double Bass, Drum Set, Percussion, Solo Alto Saxophone, Violoncello"
94,4.25,94,4.5,M1,"Castanets, Solo Alto Saxophone"
94,4.25,94,4.5,M2,"Castanets, Solo Alto Saxophone"
94,4.25,94,4.5,M3,"Castanets, Solo Alto Saxophone"
94,4.25,94,4.5,M6,"Castanets, Solo Alto Saxophone"
94,4.25,94,4.5,M7,"Castanets, Solo Alto Saxophone"
94,4.5,94,4.75,M1,"Castanets, Conga, Double Bass, Drum Set, Percussion, Violoncello"
94,4.5,94,4.75,M2,"Castanets, Conga, Double Bass, Drum Set, Percussion, Violoncello"
94,4.5,94,4.75,M3,"Castanets, Conga, Double Bass, Drum Set, Percussion, Violoncello"
94,4.5,94,4.75,M6,"Castanets, Conga, Double Bass, Drum Set, Percussion, Violoncello"
94,4.5,94,4.75,M7,"Castanets, Conga, Double Bass, Drum Set, Percussion, Violoncello"
94,4.75,95,1.0,M1,Castanets
94,4.75,95,1.0,M2,Castanets
94,4.75,95,1.0,M3,Castanets
94,4.75,95,1.0,M6,Castanets
94,4.75,95,1.0,M7,Castanets
95,1.0,95,1.25,M1,"Castanets, Conga, Double Bass, Drum Set, Percussion, Solo Alto Saxophone, Trumpet (B Flat) (B Flat) (B Flat) 1, Trumpet (B Flat) (B Flat) (B Flat) 2, Vibraphone, Violoncello"
95,1.0,95,1.25,M2,"Castanets, Conga, Double Bass, Drum Set, Percussion, Solo Alto Saxophone, Trumpet (B Flat) (B Flat) (B Flat) 1, Trumpet (B Flat) (B Flat) (B Flat) 2, Vibraphone, Violoncello"
95,1.0,95,1.25,M3,"Castanets, Conga, Double Bass, Drum Set, Percussion, Solo Alto Saxophone, Trumpet (B Flat) (B Flat) (B Flat) 1, Trumpet (B Flat) (B Flat) (B Flat) 2, Vibraphone, Violoncello"
95,1.0,95,1.25,M6,"Castanets, Conga, Double Bass, Drum Set, Percussion, Solo Alto Saxophone, Trumpet (B Flat) (B Flat) (B Flat) 1, Trumpet (B Flat) (B Flat) (B Flat) 2, Vibraphone, Violoncello"
95,1.0,95,1.25,M7,"Castanets, Conga, Double Bass, Drum Set, Percussion, Solo Alto Saxophone, Trumpet (B Flat) (B Flat) (B Flat) 1, Trumpet (B Flat) (B Flat) (B Flat) 2, Vibraphone, Violoncello"
95,1.25,95,1.5,M1,Castanets
95,1.25,95,1.5,M2,Castanets
95,1.25,95,1.5,M3,Castanets
95,1.25,95,1.5,M6,Castanets
95,1.25,95,1.5,M7,Castanets
95,1.5,95,1.75,M1,"Bassoon, Castanets, Clarinet (B Flat) (B Flat) (B Flat) 1, Clarinet (B Flat) (B Flat) (B Flat) 2, Claves, Conga, Drum Set, Flute 1, Flute 2, Oboe, Viola, Violin I, Violin II, Violoncello"
95,1.5,95,1.75,M2,"Bassoon, Castanets, Clarinet (B Flat) (B Flat) (B Flat) 1, Clarinet (B Flat) (B Flat) (B Flat) 2, Claves, Conga, Drum Set, Flute 1, Flute 2, Oboe, Viola, Violin I, Violin II, Violoncello"
95,1.5,95,1.75,M3,"Bassoon, Castanets, Clarinet (B Flat) (B Flat) (B Flat) 1, Clarinet (B Flat) (B Flat) (B Flat) 2, Claves, Conga, Drum Set, Flute 1, Flute 2, Oboe, Viola, Violin I, Violin II, Violoncello"
95,1.5,95,1.75,M6,"Bassoon, Castanets, Clarinet (B Flat) (B Flat) (B Flat) 1, Clarinet (B Flat) (B Flat) (B Flat) 2, Claves, Conga, Drum Set, Flute 1, Flute 2, Oboe, Viola, Violin I, Violin II, Violoncello"
95,1.5,95,1.75,M7,"Bassoon, Castanets, Clarinet (B Flat) (B Flat) (B Flat) 1, Clarinet (B Flat) (B Flat) (B Flat) 2, Claves, Conga, Drum Set, Flute 1, Flute 2, Oboe, Viola, Violin I, Violin II, Violoncello"
95,1.75,95,2.0,M1,"Bassoon, Castanets, Clarinet (B Flat) (B Flat) (B Flat) 1, Clarinet (B Flat) (B Flat) (B Flat) 2, Conga, Flute 1, Flute 2, Oboe, Viola, Violin I, Violin II"
95,1.75,95,2.0,M2,"Bassoon, Castanets, Clarinet (B Flat) (B Flat) (B Flat) 1, Clarinet (B Flat) (B Flat) (B Flat) 2, Conga, Flute 1, Flute 2, Oboe, Viola, Violin I, Violin II"
95,1.75,95,2.0,M3,"Bassoon, Castanets, Clarinet (B Flat) (B Flat) (B Flat) 1, Clarinet (B Flat) (B Flat) (B Flat) 2, Conga, Flute 1, Flute 2, Oboe, Viola, Violin I, Violin II"
95,1.75,95,2.0,M6,"Bassoon, Castanets, Clarinet (B Flat) (B Flat) (B Flat) 1, Clarinet (B Flat) (B Flat) (B Flat) 2, Conga, Flute 1, Flute 2, Oboe, Viola, Violin I, Violin II"
95,1.75,95,2.0,M7,"Bassoon, Castanets, Clarinet (B Flat) (B Flat) (B Flat) 1, Clarinet (B Flat) (B Flat) (B Flat) 2, Conga, Flute 1, Flute 2, Oboe, Viola, Violin I, Violin II"
95,2.0,95,2.25,M1,"Castanets, Claves, Conga, Double Bass, Drum Set, Violoncello"
95,2.0,95,2.25,M2,"Castanets, Claves, Conga, Double Bass, Drum Set, Violoncello"
95,2.0,95,2.25,M3,"Castanets, Claves, Conga, Double Bass, Drum Set, Violoncello"
95,2.0,95,2.25,M6,"Castanets, Claves, Conga, Double Bass, Drum Set, Violoncello"
95,2.0,95,2.25,M7,"Castanets, Claves, Conga, Double Bass, Drum Set, Violoncello"
95,2.25,95,2.5,M1,Castanets
95,2.25,95,2.5,M2,Castanets
95,2.25,95,2.5,M3,Castanets
95,2.25,95,2.5,M6,Castanets
95,2.25,95,2.5,M7,Castanets
95,2.5,95,2.75,M1,"Bassoon, Castanets, Clarinet (B Flat) (B Flat) (B Flat) 1, Clarinet (B Flat) (B Flat) (B Flat) 2, Conga, Cowbell 1, Drum Set, Flute 1, Flute 2, Oboe, Solo Alto Saxophone, Viola, Violin I, Violin II, Violoncello"
95,2.5,95,2.75,M2,"Bassoon, Castanets, Clarinet (B Flat) (B Flat) (B Flat) 1, Clarinet (B Flat) (B Flat) (B Flat) 2, Conga, Cowbell 1, Drum Set, Flute 1, Flute 2, Oboe, Solo Alto Saxophone, Viola, Violin I, Violin II, Violoncello"
95,2.5,95,2.75,M3,"Bassoon, Castanets, Clarinet (B Flat) (B Flat) (B Flat) 1, Clarinet (B Flat) (B Flat) (B Flat) 2, Conga, Cowbell 1, Drum Set, Flute 1, Flute 2, Oboe, Solo Alto Saxophone, Viola, Violin I, Violin II, Violoncello"
95,2.5,95,2.75,M6,"Bassoon, Castanets, Clarinet (B Flat) (B Flat) (B Flat) 1, Clarinet (B Flat) (B Flat) (B Flat) 2, Conga, Cowbell 1, Drum Set, Flute 1, Flute 2, Oboe, Solo Alto Saxophone, Viola, Violin I, Violin II, Violoncello"
95,2.5,95,2.75,M7,"Bassoon, Castanets, Clarinet (B Flat) (B Flat) (B Flat) 1, Clarinet (B Flat) (B Flat) (B Flat) 2, Conga, Cowbell 1, Drum Set, Flute 1, Flute 2, Oboe, Solo Alto Saxophone, Viola, Violin I, Violin II, Violoncello"
95,2.75,95,3.0,M1,"Castanets, Conga"
95,2.75,95,3.0,M2,"Castanets, Conga"
95,2.75,95,3.0,M3,"Castanets, Conga"
95,2.75,95,3.0,M6,"Castanets, Conga"
95,2.75,95,3.0,M7,"Castanets, Conga"
95,3.0,95,3.25,M1,"Castanets, Conga, Cowbell 1, Double Bass, Drum Set, Vibraphone, Violoncello"
95,3.0,95,3.25,M2,"Castanets, Conga, Cowbell 1, Double Bass, Drum Set, Vibraphone, Violoncello"
95,3.0,95,3.25,M3,"Castanets, Conga, Cowbell 1, Double Bass, Drum Set, Vibraphone, Violoncello"
95,3.0,95,3.25,M6,"Castanets, Conga, Cowbell 1, Double Bass, Drum Set, Vibraphone, Violoncello"
95,3.0,95,3.25,M7,"Castanets, Conga, Cowbell 1, Double Bass, Drum Set, Vibraphone, Violoncello"
95,3.25,95,3.5,M1,Castanets
95,3.25,95,3.5,M2,Castanets
95,3.25,95,3.5,M3,Castanets
95,3.25,95,3.5,M6,Castanets
95,3.25,95,3.5,M7,Castanets
95,3.5,95,3.75,M1,"Bassoon, Castanets, Clarinet (B Flat) (B Flat) (B Flat) 1, Clarinet (B Flat) (B Flat) (B Flat) 2, Claves, Conga, Drum Set, Flute 1, Flute 2, Oboe, Viola, Violin I, Violin II, Violoncello"
95,3.5,95,3.75,M2,"Bassoon, Castanets, Clarinet (B Flat) (B Flat) (B Flat) 1, Clarinet (B Flat) (B Flat) (B Flat) 2, Claves, Conga, Drum Set, Flute 1, Flute 2, Oboe, Viola, Violin I, Violin II, Violoncello"
95,3.5,95,3.75,M3,"Bassoon, Castanets, Clarinet (B Flat) (B Flat) (B Flat) 1, Clarinet (B Flat) (B Flat) (B Flat) 2, Claves, Conga, Drum Set, Flute 1, Flute 2, Oboe, Viola, Violin I, Violin II, Violoncello"
95,3.5,95,3.75,M6,"Bassoon, Castanets, Clarinet (B Flat) (B Flat) (B Flat) 1, Clarinet (B Flat) (B Flat) (B Flat) 2, Claves, Conga, Drum Set, Flute 1, Flute 2, Oboe, Viola, Violin I, Violin II, Violoncello"
95,3.5,95,3.75,M7,"Bassoon, Castanets, Clarinet (B Flat) (B Flat) (B Flat) 1, Clarinet (B Flat) (B Flat) (B Flat) 2, Claves, Conga, Drum Set, Flute 1, Flute 2, Oboe, Viola, Violin I, Violin II, Violoncello"
95,3.75,95,4.0,M1,Castanets
95,3.75,95,4.0,M2,Castanets
95,3.75,95,4.0,M3,Castanets
95,3.75,95,4.0,M6,Castanets
95,3.75,95,4.0,M7,Castanets
95,4.0,95,4.25,M1,"Castanets, Claves, Conga, Double Bass, Drum Set, Violoncello"
95,4.0,95,4.25,M2,"Castanets, Claves, Conga, Double Bass, Drum Set, Violoncello"
95,4.0,95,4.25,M3,"Castanets, Claves, Conga, Double Bass, Drum Set, Violoncello"
95,4.0,95,4.25,M6,"Castanets, Claves, Conga, Double Bass, Drum Set, Violoncello"
95,4.0,95,4.25,M7,"Castanets, Claves, Conga, Double Bass, Drum Set, Violoncello"
95,4.25,95,4.5,M1,"Castanets, Conga"
95,4.25,95,4.5,M2,"Castanets, Conga"
95,4.25,95,4.5,M3,"Castanets, Conga"
95,4.25,95,4.5,M6,"Castanets, Conga"
95,4.25,95,4.5,M7,"Castanets, Conga"
95,4.5,95,4.75,M1,"Bassoon, Castanets, Clarinet (B Flat) (B Flat) (B Flat) 1, Clarinet (B Flat) (B Flat) (B Flat) 2, Conga, Drum Set, Flute 1, Flute 2, Oboe, Percussion, Solo Alto Saxophone, Viola, Violin I, Violin II, Violoncello"
95,4.5,95,4.75,M2,"Bassoon, Castanets, Clarinet (B Flat) (B Flat) (B Flat) 1, Clarinet (B Flat) (B Flat) (B Flat) 2, Conga, Drum Set, Flute 1, Flute 2, Oboe, Percussion, Solo Alto Saxophone, Viola, Violin I, Violin II, Violoncello"
95,4.5,95,4.75,M3,"Bassoon, Castanets, Clarinet (B Flat) (B Flat) (B Flat) 1, Clarinet (B Flat) (B Flat) (B Flat) 2, Conga, Drum Set, Flute 1, Flute 2, Oboe, Percussion, Solo Alto Saxophone, Viola, Violin I, Violin II, Violoncello"
95,4.5,95,4.75,M6,"Bassoon, Castanets, Clarinet (B Flat) (B Flat) (B Flat) 1, Clarinet (B Flat) (B Flat) (B Flat) 2, Conga, Drum Set, Flute 1, Flute 2, Oboe, Percussion, Solo Alto Saxophone, Viola, Violin I, Violin II, Violoncello"
95,4.5,95,4.75,M7,"Bassoon, Castanets, Clarinet (B Flat) (B Flat) (B Flat) 1, Clarinet (B Flat) (B Flat) (B Flat) 2, Conga, Drum Set, Flute 1, Flute 2, Oboe, Percussion, Solo Alto Saxophone, Viola, Violin I, Violin II, Violoncello"
95,4.75,96,1.0,M1,"Bassoon, Castanets, Clarinet (B Flat) (B Flat) (B Flat) 1, Clarinet (B Flat) (B Flat) (B Flat) 2, Conga, Flute 1, Flute 2, Oboe, Solo Alto Saxophone, Viola, Violin I, Violin II"
95,4.75,96,1.0,M2,"Bassoon, Castanets, Clarinet (B Flat) (B Flat) (B Flat) 1, Clarinet (B Flat) (B Flat) (B Flat) 2, Conga, Flute 1, Flute 2, Oboe, Solo Alto Saxophone, Viola, Violin I, Violin II"
95,4.75,96,1.0,M3,"Bassoon, Castanets, Clarinet (B Flat) (B Flat) (B Flat) 1, Clarinet (B Flat) (B Flat) (B Flat) 2, Conga, Flute 1, Flute 2, Oboe, Solo Alto Saxophone, Viola, Violin I, Violin II"
95,4.75,96,1.0,M6,"Bassoon, Castanets, Clarinet (B Flat) (B Flat) (B Flat) 1, Clarinet (B Flat) (B Flat) (B Flat) 2, Conga, Flute 1, Flute 2, Oboe, Solo Alto Saxophone, Viola, Violin I, Violin II"
95,4.75,96,1.0,M7,"Bassoon, Castanets, Clarinet (B Flat) (B Flat) (B Flat) 1, Clarinet (B Flat) (B Flat) (B Flat) 2, Conga, Flute 1, Flute 2, Oboe, Solo Alto Saxophone, Viola, Violin I, Violin II"
96,1.0,96,1.25,M1,"Bassoon, Castanets, Clarinet (B Flat) (B Flat) (B Flat) 1, Clarinet (B Flat) (B Flat) (B Flat) 2, Clash Cymbal, Claves, Conga, Cowbell 1, Double Bass, Drum Set, Flute 1, Flute 2, Oboe, Percussion, Solo Alto Saxophone, Trumpet (B Flat) (B Flat) (B Flat) 1, Trumpet (B Flat) (B Flat) (B Flat) 2, Viola, Violin I, Violin II, Violoncello"
96,1.0,96,1.25,M2,"Bassoon, Castanets, Clarinet (B Flat) (B Flat) (B Flat) 1, Clarinet (B Flat) (B Flat) (B Flat) 2, Clash Cymbal, Claves, Conga, Cowbell 1, Double Bass, Drum Set, Flute 1, Flute 2, Oboe, Percussion, Solo Alto Saxophone, Trumpet (B Flat) (B Flat) (B Flat) 1, Trumpet (B Flat) (B Flat) (B Flat) 2, Viola, Violin I, Violin II, Violoncello"
96,1.0,96,1.25,M3,"Bassoon, Castanets, Clarinet (B Flat) (B Flat) (B Flat) 1, Clarinet (B Flat) (B Flat) (B Flat) 2, Clash Cymbal, Claves, Conga, Cowbell 1, Double Bass, Drum Set, Flute 1, Flute 2, Oboe, Percussion, Solo Alto Saxophone, Trumpet (B Flat) (B Flat) (B Flat) 1, Trumpet (B Flat) (B Flat) (B Flat) 2, Viola, Violin I, Violin II, Violoncello"
96,1.0,96,1.25,M6,"Bassoon, Castanets, Clarinet (B Flat) (B Flat) (B Flat) 1, Clarinet (B Flat) (B Flat) (B Flat) 2, Clash Cymbal, Claves, Conga, Cowbell 1, Double Bass, Drum Set, Flute 1, Flute 2, Oboe, Percussion, Solo Alto Saxophone, Trumpet (B Flat) (B Flat) (B Flat) 1, Trumpet (B Flat) (B Flat) (B Flat) 2, Viola, Violin I, Violin II, Violoncello"
96,1.0,96,1.25,M7,"Bassoon, Castanets, Clarinet (B Flat) (B Flat) (B Flat) 1, Clarinet (B Flat) (B Flat) (B Flat) 2, Clash Cymbal, Claves, Conga, Cowbell 1, Double Bass, Drum Set, Flute 1, Flute 2, Oboe, Percussion, Solo Alto Saxophone, Trumpet (B Flat) (B Flat) (B Flat) 1, Trumpet (B Flat) (B Flat) (B Flat) 2, Viola, Violin I, Violin II, Violoncello"
96,1.5,96,1.75,M1,"Bassoon, Castanets, Clarinet (B Flat) (B Flat) (B Flat) 1, Clarinet (B Flat) (B Flat) (B Flat) 2, Clash Cymbal, Claves, Conga, Cowbell 1, Double Bass, Drum Set, Flute 1, Flute 2, Oboe, Percussion, Solo Alto Saxophone, Trumpet (B Flat) (B Flat) (B Flat) 1, Trumpet (B Flat) (B Flat) (B Flat) 2, Viola, Violin I, Violin II, Violoncello"
96,1.5,96,1.75,M2,"Bassoon, Castanets, Clarinet (B Flat) (B Flat) (B Flat) 1, Clarinet (B Flat) (B Flat) (B Flat) 2, Clash Cymbal, Claves, Conga, Cowbell 1, Double Bass, Drum Set, Flute 1, Flute 2, Oboe, Percussion, Solo Alto Saxophone, Trumpet (B Flat) (B Flat) (B Flat) 1, Trumpet (B Flat) (B Flat) (B Flat) 2, Viola, Violin I, Violin II, Violoncello"
96,1.5,96,1.75,M3,"Bassoon, Castanets, Clarinet (B Flat) (B Flat) (B Flat) 1, Clarinet (B Flat) (B Flat) (B Flat) 2, Clash Cymbal, Claves, Conga, Cowbell 1, Double Bass, Drum Set, Flute 1, Flute 2, Oboe, Percussion, Solo Alto Saxophone, Trumpet (B Flat) (B Flat) (B Flat) 1, Trumpet (B Flat) (B Flat) (B Flat) 2, Viola, Violin I, Violin II, Violoncello"
96,1.5,96,1.75,M6,"Bassoon, Castanets, Clarinet (B Flat) (B Flat) (B Flat) 1, Clarinet (B Flat) (B Flat) (B Flat) 2, Clash Cymbal, Claves, Conga, Cowbell 1, Double Bass, Drum Set, Flute 1, Flute 2, Oboe, Percussion, Solo Alto Saxophone, Trumpet (B Flat) (B Flat) (B Flat) 1, Trumpet (B Flat) (B Flat) (B Flat) 2, Viola, Violin I, Violin II, Violoncello"
96,1.5,96,1.75,M7,"Bassoon, Castanets, Clarinet (B Flat) (B Flat) (B Flat) 1, Clarinet (B Flat) (B Flat) (B Flat) 2, Clash Cymbal, Claves, Conga, Cowbell 1, Double Bass, Drum Set, Flute 1, Flute 2, Oboe, Percussion, Solo Alto Saxophone, Trumpet (B Flat) (B Flat) (B Flat) 1, Trumpet (B Flat) (B Flat) (B Flat) 2, Viola, Violin I, Violin II, Violoncello"
96,2.0,96,2.25,M1,"Double Bass, Violoncello"
96,2.0,96,2.25,M2,"Double Bass, Violoncello"
96,2.0,96,2.25,M3,"Double Bass, Violoncello"
96,2.0,96,2.25,M6,"Double Bass, Violoncello"
96,2.0,96,2.25,M7,"Double Bass, Violoncello"
96,2.5,96,2.75,M1,"Double Bass, Violoncello"
96,2.5,96,2.75,M2,"Double Bass, Violoncello"
96,2.5,96,2.75,M3,"Double Bass, Violoncello"
96,2.5,96,2.75,M6,"Double Bass, Violoncello"
96,2.5,96,2.75,M7,"Double Bass, Violoncello"
96,3.0,96,3.25,M1,"Double Bass, Violoncello"
96,3.0,96,3.25,M2,"Double Bass, Violoncello"
96,3.0,96,3.25,M3,"Double Bass, Violoncello"
96,3.0,96,3.25,M6,"Double Bass, Violoncello"
96,3.0,96,3.25,M7,"Double Bass, Violoncello"
96,3.5,96,3.75,M1,"Double Bass, Violoncello"
96,3.5,96,3.75,M2,"Double Bass, Violoncello"
96,3.5,96,3.75,M3,"Double Bass, Violoncello"
96,3.5,96,3.75,M6,"Double Bass, Violoncello"
96,3.5,96,3.75,M7,"Double Bass, Violoncello"
96,4.0,96,4.25,M1,"Double Bass, Violoncello"
96,4.0,96,4.25,M2,"Double Bass, Violoncello"
96,4.0,96,4.25,M3,"Double Bass, Violoncello"
96,4.0,96,4.25,M6,"Double Bass, Violoncello"
96,4.0,96,4.25,M7,"Double Bass, Violoncello"
96,4.5,96,4.75,M1,"Double Bass, Violoncello"
96,4.5,96,4.75,M2,"Double Bass, Violoncello"
96,4.5,96,4.75,M3,"Double Bass, Violoncello"
96,4.5,96,4.75,M6,"Double Bass, Violoncello"
96,4.5,96,4.75,M7,"Double Bass, Violoncello"
97,1.0,97,1.25,M7,"Double Bass, Violoncello"
97,1.5,97,1.75,M7,"Double Bass, Violoncello"
97,2.0,97,2.25,M7,"Double Bass, Violoncello"
97,2.5,97,2.75,M7,"Double Bass, Violoncello"
97,3.0,97,3.25,M7,"Double Bass, Violoncello"
97,3.5,97,3.75,M7,"Double Bass, Violoncello"
97,4.0,97,4.25,M7,"Double Bass, Violoncello"
97,4.5,97,4.75,M7,"Double Bass, Violoncello"
98,1.0,98,1.25,M7,"Double Bass, Violoncello"
98,2.0,98,2.25,M7,"Double Bass, Violoncello"
98,3.0,98,3.25,M7,"Double Bass, Violoncello"
98,4.0,98,4.25,M7,"Double Bass, Violoncello"
99,1.0,99,1.25,M7,"Double Bass, Violoncello"
